"folioviv","tipo_viv","dotac_agua","disp_elect","tenencia","ubica_geo","est_socio","edo"
"1400180001","1","1","1","4","14039","3","14"
"1400180002","1","1","1","4","14039","3","14"
"1400180005","1","1","1","1","14039","3","14"
"1400180006","1","1","1","4","14039","3","14"
"1400189601","1","1","1","1","14039","3","14"
"1400189603","2","1","1","1","14039","3","14"
"1400189604","1","1","1","4","14039","3","14"
"1400189605","2","1","1","1","14039","3","14"
"1400189606","1","1","1","4","14039","3","14"
"1400264701","1","1","1","1","14039","3","14"
"1400264702","1","1","1","2","14039","3","14"
"1400264704","5","1","1","4","14039","3","14"
"1400264705","1","1","1","2","14039","3","14"
"1400264706","1","1","1","4","14039","3","14"
"1400289201","1","1","1","4","14039","3","14"
"1400289202","1","1","1","1","14039","3","14"
"1400289203","1","1","1","1","14039","3","14"
"1400289204","1","1","1","4","14039","3","14"
"1400289206","1","1","1","4","14039","3","14"
"1400434301","1","1","1","1","14039","4","14"
"1400434304","1","1","1","4","14039","4","14"
"1400434305","1","1","1","4","14039","4","14"
"1400493501","1","1","1","5","14039","3","14"
"1400493502","1","1","1","5","14039","3","14"
"1400493503","1","1","1","4","14039","3","14"
"1400493505","1","1","1","1","14039","3","14"
"1400493506","1","1","1","4","14039","3","14"
"1400507901","1","1","1","4","14039","4","14"
"1400507902","1","1","1","4","14039","4","14"
"1400507904","1","1","1","4","14039","4","14"
"1400507906","1","1","1","4","14039","4","14"
"1400555301","1","1","1","4","14039","3","14"
"1400555303","1","1","1","4","14039","3","14"
"1400555304","1","1","1","4","14039","3","14"
"1400555305","1","1","1","4","14039","3","14"
"1400555306","1","1","1","4","14039","3","14"
"1400563901","1","1","1","4","14039","3","14"
"1400563902","1","1","1","1","14039","3","14"
"1400563903","1","1","1","2","14039","3","14"
"1400563905","1","1","1","1","14039","3","14"
"1400563906","1","1","1","4","14039","3","14"
"1400586801","1","1","1","4","14039","3","14"
"1400586802","1","1","1","1","14039","3","14"
"1400586803","1","1","1","5","14039","3","14"
"1400586804","1","1","1","1","14039","3","14"
"1400586805","1","1","1","4","14039","3","14"
"1400586806","1","1","1","2","14039","3","14"
"1400595401","1","1","1","4","14039","3","14"
"1400595402","1","1","1","4","14039","3","14"
"1400595404","3","1","1","1","14039","3","14"
"1400595405","1","1","1","4","14039","3","14"
"1400595406","3","1","1","1","14039","3","14"
"1400608002","1","1","1","4","14039","3","14"
"1400608003","1","1","1","4","14039","3","14"
"1400608004","1","1","1","4","14039","3","14"
"1400608005","1","1","1","4","14039","3","14"
"1400608006","1","1","1","1","14039","3","14"
"1400618601","1","1","1","2","14039","3","14"
"1400618602","1","1","1","1","14039","3","14"
"1400618603","1","1","1","4","14039","3","14"
"1400618604","1","2","1","1","14039","3","14"
"1400618605","1","1","1","4","14039","3","14"
"1400618606","1","1","1","2","14039","3","14"
"1400640701","1","1","1","4","14039","3","14"
"1400640703","3","1","1","1","14039","3","14"
"1400640704","1","1","1","4","14039","3","14"
"1400640705","1","1","1","3","14039","3","14"
"1400640706","1","1","1","1","14039","3","14"
"1400667301","1","1","1","4","14039","2","14"
"1400667302","1","1","1","2","14039","2","14"
"1400667303","1","1","1","1","14039","2","14"
"1400667304","1","1","1","4","14039","2","14"
"1400667305","1","1","1","2","14039","2","14"
"1400723201","1","1","1","4","14039","3","14"
"1400723202","2","1","1","1","14039","3","14"
"1400723205","1","1","1","4","14039","3","14"
"1400750801","2","1","1","1","14039","4","14"
"1400750802","2","1","1","4","14039","4","14"
"1400750803","2","1","1","1","14039","4","14"
"1400750804","2","1","1","1","14039","4","14"
"1400791901","3","","1","1","14039","2","14"
"1400791902","3","1","1","1","14039","2","14"
"1400791903","1","1","1","4","14039","2","14"
"1400791905","1","1","1","1","14039","2","14"
"1400915501","1","1","1","4","14039","3","14"
"1400915502","1","1","1","4","14039","3","14"
"1400915503","1","1","1","2","14039","3","14"
"1400915505","1","1","1","4","14039","3","14"
"1400923301","1","1","1","1","14039","3","14"
"1400923304","1","1","1","4","14039","3","14"
"1400923306","1","1","1","2","14039","3","14"
"1400936801","1","1","1","1","14039","2","14"
"1400936803","1","1","1","5","14039","2","14"
"1400936804","1","1","1","2","14039","2","14"
"1400936806","1","1","1","1","14039","2","14"
"1400957902","2","1","1","2","14039","3","14"
"1400957903","2","1","1","4","14039","3","14"
"1400957905","2","1","1","1","14039","3","14"
"1400957906","2","1","1","1","14039","3","14"
"1400977801","1","1","1","4","14039","3","14"
"1400977802","1","1","1","4","14039","3","14"
"1400977804","1","1","1","4","14039","3","14"
"1400977805","1","1","1","3","14039","3","14"
"1400977806","3","1","1","1","14039","3","14"
"1401014401","1","1","1","3","14039","3","14"
"1401014402","1","1","1","1","14039","3","14"
"1401014403","1","1","1","3","14039","3","14"
"1401014405","1","1","1","4","14039","3","14"
"1401031001","1","1","1","1","14039","3","14"
"1401031002","1","1","1","1","14039","3","14"
"1401031003","1","1","1","3","14039","3","14"
"1401035602","3","1","1","1","14039","3","14"
"1401035604","1","1","1","1","14039","3","14"
"1401035605","2","1","1","1","14039","3","14"
"1401035606","2","1","1","2","14039","3","14"
"1401069701","1","1","1","1","14039","3","14"
"1401069702","1","1","1","4","14039","3","14"
"1401069703","1","1","1","2","14039","3","14"
"1401069705","1","1","1","4","14039","3","14"
"1401069706","1","1","1","1","14039","3","14"
"1401076201","1","1","1","4","14039","3","14"
"1401076202","2","1","1","1","14039","3","14"
"1401076203","1","1","1","4","14039","3","14"
"1401076204","1","1","1","4","14039","3","14"
"1401076205","1","1","1","4","14039","3","14"
"1401165502","1","1","1","2","14039","3","14"
"1401165503","1","1","1","2","14039","3","14"
"1401165505","1","1","1","1","14039","3","14"
"1401394301","3","1","1","4","14039","3","14"
"1401394303","1","1","1","1","14039","3","14"
"1401394304","1","1","1","1","14039","3","14"
"1401394306","1","1","1","1","14039","3","14"
"1401404902","1","1","1","1","14039","3","14"
"1401404904","1","1","1","1","14039","3","14"
"1401404906","1","1","1","4","14039","3","14"
"1401413801","1","1","1","1","14039","3","14"
"1401413802","2","1","1","1","14039","3","14"
"1401413804","1","1","1","2","14039","3","14"
"1401413805","1","1","1","4","14039","3","14"
"1401440401","1","1","1","1","14039","3","14"
"1401440403","1","1","1","4","14039","3","14"
"1401440404","1","1","1","1","14039","3","14"
"1401440405","1","1","1","1","14039","3","14"
"1401440406","1","1","1","2","14039","3","14"
"1401465001","1","1","1","2","14039","3","14"
"1401465003","1","1","1","2","14039","3","14"
"1401465004","1","1","1","1","14039","3","14"
"1401465005","1","1","1","1","14039","3","14"
"1401498601","1","1","1","1","14039","3","14"
"1401498602","1","1","1","2","14039","3","14"
"1401498603","1","1","1","2","14039","3","14"
"1401498604","1","1","1","4","14039","3","14"
"1401545403","1","1","1","4","14039","4","14"
"1401545405","2","1","1","2","14039","4","14"
"1401610701","1","1","1","1","14039","3","14"
"1401610702","2","1","1","2","14039","3","14"
"1401610704","1","1","1","3","14039","3","14"
"1401610705","1","1","1","2","14039","3","14"
"1401610706","1","1","1","2","14039","3","14"
"1401629203","3","1","1","1","14039","3","14"
"1401629204","1","1","1","1","14039","3","14"
"1401629205","1","1","1","4","14039","3","14"
"1401737502","1","1","1","4","14039","3","14"
"1401737503","1","1","1","4","14039","3","14"
"1401737504","1","1","1","4","14039","3","14"
"1401737506","1","1","1","1","14039","3","14"
"1401784401","1","1","1","1","14039","2","14"
"1401784402","1","1","1","1","14039","2","14"
"1401784403","1","1","1","3","14039","2","14"
"1401784404","1","1","1","2","14039","2","14"
"1401784405","1","1","1","2","14039","2","14"
"1401784406","1","1","1","1","14039","2","14"
"1401810302","1","1","1","1","14039","3","14"
"1401810303","1","1","1","4","14039","3","14"
"1401810304","1","1","1","4","14039","3","14"
"1401810305","1","1","1","4","14039","3","14"
"1401810306","1","1","1","4","14039","3","14"
"1401866904","1","1","1","3","14039","3","14"
"1401866905","1","1","1","4","14039","3","14"
"1401866906","1","1","1","4","14039","3","14"
"1401884002","1","1","1","4","14039","4","14"
"1401884005","1","1","1","1","14039","4","14"
"1401884006","1","1","1","4","14039","4","14"
"1402026002","1","1","1","2","14039","2","14"
"1402026003","1","1","1","2","14039","2","14"
"1402026005","1","1","1","4","14039","2","14"
"1402026006","1","1","1","2","14039","2","14"
"1402083602","1","1","1","4","14039","4","14"
"1402083605","5","1","1","4","14039","4","14"
"1402083606","1","1","1","2","14039","4","14"
"1402090801","2","1","1","1","14039","3","14"
"1402090802","2","1","1","2","14039","3","14"
"1402090803","2","1","1","1","14039","3","14"
"1402090806","1","1","1","4","14039","3","14"
"1402218401","1","1","1","3","14039","3","14"
"1402218402","1","1","1","4","14039","3","14"
"1402218403","1","1","1","4","14039","3","14"
"1402218405","2","1","1","4","14039","3","14"
"1402218406","2","1","1","2","14039","3","14"
"1402260001","1","1","1","4","14039","3","14"
"1402260002","2","1","1","1","14039","3","14"
"1402260004","1","1","1","4","14039","3","14"
"1402260006","1","1","1","4","14039","3","14"
"1402284602","1","1","1","1","14039","3","14"
"1402284603","1","1","1","4","14039","3","14"
"1402284605","1","1","1","4","14039","3","14"
"1402300701","2","1","1","4","14039","3","14"
"1402300703","2","1","1","4","14039","3","14"
"1402300704","2","1","1","4","14039","3","14"
"1402300705","2","1","1","2","14039","3","14"
"1402300706","1","1","1","4","14039","3","14"
"1402327201","1","1","1","2","14039","3","14"
"1402327202","&","1","1","4","14039","3","14"
"1402327203","1","1","1","1","14039","3","14"
"1402327204","1","1","1","4","14039","3","14"
"1402327205","2","1","1","1","14039","3","14"
"1402441501","1","1","1","3","14039","3","14"
"1402441502","1","1","1","3","14039","3","14"
"1402441503","1","1","1","3","14039","3","14"
"1402441505","1","1","1","3","14039","3","14"
"1402464301","1","1","1","2","14039","3","14"
"1402464304","2","1","1","4","14039","3","14"
"1402535901","1","1","1","4","14039","3","14"
"1402535902","1","1","1","6","14039","3","14"
"1402535903","2","1","1","3","14039","3","14"
"1402535905","1","1","1","4","14039","3","14"
"1402544801","1","1","1","4","14039","3","14"
"1402544802","1","1","1","4","14039","3","14"
"1402544803","1","1","1","5","14039","3","14"
"1402544804","1","1","1","5","14039","3","14"
"1402544805","1","1","1","1","14039","3","14"
"1402544806","1","1","1","5","14039","3","14"
"1402557401","1","1","1","1","14039","3","14"
"1402557402","2","1","1","1","14039","3","14"
"1402557404","1","1","1","4","14039","3","14"
"1402557405","1","1","1","1","14039","3","14"
"1402665001","1","1","1","4","14039","3","14"
"1402665002","1","1","1","2","14039","3","14"
"1402665003","1","1","1","4","14039","3","14"
"1402665004","5","1","1","4","14039","3","14"
"1402665005","1","","1","4","14039","3","14"
"1402665006","1","1","1","2","14039","3","14"
"1402727601","1","1","1","4","14039","3","14"
"1402727602","1","1","1","4","14039","3","14"
"1402727604","1","1","1","2","14039","3","14"
"1402727605","1","1","1","1","14039","3","14"
"1402757601","1","1","1","4","14039","2","14"
"1402757602","1","1","1","4","14039","2","14"
"1402757603","3","1","1","1","14039","2","14"
"1402757604","1","1","1","1","14039","2","14"
"1402757605","1","1","1","4","14039","2","14"
"1402791701","1","1","1","3","14039","3","14"
"1402791702","1","1","1","1","14039","3","14"
"1402791704","1","1","1","4","14039","3","14"
"1402791705","1","1","1","4","14039","3","14"
"1402791706","1","1","1","4","14039","3","14"
"1402850201","1","1","1","1","14039","3","14"
"1402850202","1","1","1","1","14039","3","14"
"1402850203","1","1","1","1","14039","3","14"
"1402850204","1","1","1","4","14039","3","14"
"1402850205","1","1","1","4","14039","3","14"
"1402850206","1","1","1","4","14039","3","14"
"1402990501","1","1","1","4","14039","3","14"
"1402990502","1","1","1","4","14039","3","14"
"1402990503","1","1","1","2","14039","3","14"
"1402990504","1","1","1","1","14039","3","14"
"1403033301","2","1","1","4","14039","3","14"
"1403033303","2","1","1","1","14039","3","14"
"1403033305","2","1","1","1","14039","3","14"
"1403033306","2","1","1","1","14039","3","14"
"1403080901","1","1","1","4","14039","3","14"
"1403080902","1","1","1","6","14039","3","14"
"1403080903","1","1","1","4","14039","3","14"
"1403080904","1","1","1","4","14039","3","14"
"1403080905","1","1","1","4","14039","3","14"
"1403080906","1","1","1","4","14039","3","14"
"1403102801","1","1","1","1","14039","3","14"
"1403102802","1","1","1","4","14039","3","14"
"1403102803","1","1","1","4","14039","3","14"
"1403102804","1","1","1","4","14039","3","14"
"1403102805","1","1","1","4","14039","3","14"
"1403110701","1","1","1","4","14039","2","14"
"1403110702","1","1","1","1","14039","2","14"
"1403110704","5","1","1","1","14039","2","14"
"1403125401","1","1","1","4","14039","3","14"
"1403125403","1","1","1","1","14039","3","14"
"1403125405","1","1","1","4","14039","3","14"
"1403125406","1","1","1","4","14039","3","14"
"1403146001","1","1","1","2","14039","3","14"
"1403146002","1","5","1","2","14039","3","14"
"1403146003","4","1","1","1","14039","3","14"
"1403146004","3","1","1","2","14039","3","14"
"1403146006","1","1","1","1","14039","3","14"
"1403214703","1","1","1","1","14039","4","14"
"1403214704","2","1","1","1","14039","4","14"
"1403214706","2","1","1","1","14039","4","14"
"1403242603","2","1","1","1","14039","3","14"
"1403242604","2","1","1","1","14039","3","14"
"1403242605","2","1","1","1","14039","3","14"
"1403242606","2","1","1","6","14039","3","14"
"1403323701","1","1","1","4","14039","3","14"
"1403323702","1","1","1","4","14039","3","14"
"1403323703","1","1","1","4","14039","3","14"
"1403323704","1","1","1","2","14039","3","14"
"1403323705","1","1","1","3","14039","3","14"
"1403354201","1","1","1","4","14039","3","14"
"1403354202","1","1","1","4","14039","3","14"
"1403354203","1","1","1","1","14039","3","14"
"1403354206","1","1","1","4","14039","3","14"
"1403359501","1","1","1","4","14039","3","14"
"1403359502","1","1","1","1","14039","3","14"
"1403359503","1","1","1","4","14039","3","14"
"1403359505","1","1","1","4","14039","3","14"
"1403359506","1","1","1","1","14039","3","14"
"1403411303","5","1","1","4","14039","3","14"
"1403411304","1","1","1","5","14039","3","14"
"1403411305","1","1","1","4","14039","3","14"
"1403411306","1","1","1","4","14039","3","14"
"1403465901","1","1","1","4","14039","3","14"
"1403465902","2","1","1","1","14039","3","14"
"1403465903","5","1","1","4","14039","3","14"
"1403465906","1","1","1","4","14039","3","14"
"1403475202","1","1","1","1","14039","4","14"
"1403475203","1","1","1","3","14039","4","14"
"1403475205","1","1","1","3","14039","4","14"
"1403485501","1","1","1","4","14039","4","14"
"1403485502","1","1","1","4","14039","4","14"
"1403485503","1","1","1","4","14039","4","14"
"1403485504","1","1","1","4","14039","4","14"
"1403593801","1","1","1","5","14039","3","14"
"1403593802","1","1","1","4","14039","3","14"
"1403593803","2","1","1","4","14039","3","14"
"1403593804","1","1","1","1","14039","3","14"
"1403593805","1","1","1","3","14039","3","14"
"1403593806","1","1","1","5","14039","3","14"
"1403613201","1","1","1","4","14039","2","14"
"1403613203","1","1","1","4","14039","2","14"
"1403613204","1","1","1","1","14039","2","14"
"1403613205","1","1","1","2","14039","2","14"
"1403613206","1","1","1","4","14039","2","14"
"1403636501","1","1","1","1","14039","2","14"
"1403636502","3","1","1","2","14039","2","14"
"1403636504","1","1","1","4","14039","2","14"
"1403636505","1","1","1","4","14039","2","14"
"1403636506","1","1","1","1","14039","2","14"
"1403713301","1","1","1","1","14039","2","14"
"1403713302","2","1","1","1","14039","2","14"
"1403713303","1","1","1","4","14039","2","14"
"1403713304","1","1","1","4","14039","2","14"
"1403713305","1","1","1","1","14039","2","14"
"1403783301","1","1","1","4","14039","4","14"
"1403783302","2","1","1","1","14039","4","14"
"1403783304","2","1","1","1","14039","4","14"
"1403783305","2","1","1","1","14039","4","14"
"1403785901","1","1","1","4","14039","4","14"
"1403785903","1","1","1","4","14039","4","14"
"1403785904","1","1","1","3","14039","4","14"
"1403817501","1","1","1","4","14067","2","14"
"1403817502","1","1","1","4","14067","2","14"
"1403817503","2","1","1","1","14067","2","14"
"1403817504","1","1","1","1","14067","2","14"
"1403817506","1","1","1","4","14067","2","14"
"1403851301","1","1","1","4","14067","2","14"
"1403851303","1","1","1","4","14067","2","14"
"1403851304","1","1","1","4","14067","2","14"
"1403851306","1","1","1","4","14067","2","14"
"1404086701","1","1","1","1","14067","3","14"
"1404086702","1","1","1","3","14067","3","14"
"1404086703","1","1","1","1","14067","3","14"
"1404086704","1","1","1","3","14067","3","14"
"1404086705","1","1","1","3","14067","3","14"
"1404117902","1","1","1","2","14067","2","14"
"1404117903","1","1","1","1","14067","2","14"
"1404117904","1","1","1","2","14067","2","14"
"1404117905","1","1","1","1","14067","2","14"
"1404129801","1","1","1","4","14067","2","14"
"1404129802","1","1","1","4","14067","2","14"
"1404129803","4","1","1","1","14067","2","14"
"1404129804","1","","1","4","14067","2","14"
"1404129805","1","1","1","4","14067","2","14"
"1404129806","1","1","1","4","14067","2","14"
"1404182201","2","1","1","1","14067","3","14"
"1404182202","2","1","1","3","14067","3","14"
"1404182204","2","1","1","3","14067","3","14"
"1404182205","2","1","1","4","14067","3","14"
"1404185501","2","1","1","1","14067","3","14"
"1404185502","2","1","1","2","14067","3","14"
"1404185504","2","1","1","3","14067","3","14"
"1404185505","2","1","1","3","14067","3","14"
"1404185506","2","1","1","4","14067","3","14"
"1404195401","1","1","1","4","14067","2","14"
"1404195402","1","1","1","2","14067","2","14"
"1404195403","1","1","1","1","14067","2","14"
"1404195405","1","1","1","4","14067","2","14"
"1404195406","1","1","1","1","14067","2","14"
"1404238302","1","1","1","1","14067","3","14"
"1404238304","3","1","1","1","14067","3","14"
"1404238306","3","1","1","1","14067","3","14"
"1404376901","2","1","1","1","14067","3","14"
"1404376902","2","1","1","4","14067","3","14"
"1404376905","2","1","1","2","14067","3","14"
"1404376906","2","1","1","1","14067","3","14"
"1404391003","1","1","1","4","14067","2","14"
"1404391004","1","1","1","1","14067","2","14"
"1404391005","1","1","1","2","14067","2","14"
"1404391006","1","1","1","1","14067","2","14"
"1404397602","1","1","1","4","14067","2","14"
"1404397603","2","1","1","1","14067","2","14"
"1404397604","1","1","1","4","14067","2","14"
"1404397605","1","1","1","4","14067","2","14"
"1404397606","1","1","1","1","14067","2","14"
"1404571901","1","1","1","4","14098","2","14"
"1404571903","1","1","1","4","14098","2","14"
"1404571904","4","1","1","1","14098","2","14"
"1404571905","1","1","1","1","14098","2","14"
"1404571906","1","1","1","3","14098","2","14"
"1404677801","1","1","1","3","14098","2","14"
"1404677803","1","1","1","4","14098","2","14"
"1404677806","2","1","1","2","14098","2","14"
"1404772401","1","3","1","4","14098","2","14"
"1404772402","1","1","1","4","14098","2","14"
"1404772403","1","1","1","4","14098","2","14"
"1404772404","1","1","1","1","14098","2","14"
"1404772405","1","1","1","2","14098","2","14"
"1404781001","1","1","1","2","14098","2","14"
"1404781002","1","1","1","4","14098","2","14"
"1404781003","1","1","1","2","14098","2","14"
"1404781004","1","1","1","1","14098","2","14"
"1404781005","1","1","1","2","14098","2","14"
"1404781006","1","1","1","1","14098","2","14"
"1404787601","2","1","1","2","14098","2","14"
"1404787602","2","1","1","1","14098","2","14"
"1404787604","2","1","1","1","14098","2","14"
"1404787606","1","1","1","1","14098","2","14"
"1404830701","1","1","1","4","14098","2","14"
"1404830702","1","1","1","1","14098","2","14"
"1404830703","1","1","1","1","14098","2","14"
"1404830704","1","1","1","2","14098","2","14"
"1404830705","1","1","1","4","14098","2","14"
"1404830706","1","1","1","1","14098","2","14"
"1404903201","1","1","1","2","14098","2","14"
"1404903202","3","1","1","1","14098","2","14"
"1404903203","1","1","1","4","14098","2","14"
"1404903204","1","1","1","4","14098","2","14"
"1404903205","1","1","1","4","14098","2","14"
"1404903206","3","1","1","1","14098","2","14"
"1404918501","1","1","1","4","14098","2","14"
"1404918503","1","1","1","2","14098","2","14"
"1404918504","1","1","1","2","14098","2","14"
"1404918505","1","1","1","4","14098","2","14"
"1404918506","1","1","1","2","14098","2","14"
"1404934301","1","1","1","1","14098","2","14"
"1404934302","1","1","1","4","14098","2","14"
"1404934303","4","1","1","1","14098","2","14"
"1404934304","1","1","1","2","14098","2","14"
"1404934306","1","1","1","1","14098","2","14"
"1404940901","1","1","1","5","14098","2","14"
"1404940902","1","1","1","4","14098","2","14"
"1404940903","1","1","1","4","14098","2","14"
"1404940904","1","1","1","1","14098","2","14"
"1404940905","1","1","1","4","14098","2","14"
"1404940906","1","1","1","2","14098","2","14"
"1405081801","1","1","1","4","14098","2","14"
"1405081802","1","1","1","1","14098","2","14"
"1405081803","1","1","1","4","14098","2","14"
"1405081804","1","1","1","4","14098","2","14"
"1405081805","1","1","1","4","14098","2","14"
"1405081806","3","1","1","1","14098","2","14"
"1405176401","1","1","1","4","14098","2","14"
"1405176403","1","","1","4","14098","2","14"
"1405176404","1","1","4","2","14098","2","14"
"1405176405","1","1","4","2","14098","2","14"
"1405176406","1","1","1","4","14098","2","14"
"1405274001","1","1","1","1","14098","2","14"
"1405274004","2","2","1","1","14098","2","14"
"1405274005","1","1","1","1","14098","2","14"
"1405274006","1","1","1","2","14098","2","14"
"1405343601","1","1","1","5","14098","2","14"
"1405343602","2","1","1","1","14098","2","14"
"1405343603","1","1","1","4","14098","2","14"
"1405343604","1","1","1","2","14098","2","14"
"1405343605","3","1","1","2","14098","2","14"
"1405343606","3","1","1","2","14098","2","14"
"1405383702","1","1","1","1","14098","2","14"
"1405383703","1","1","1","4","14098","2","14"
"1405383704","1","","1","6","14098","2","14"
"1405383705","1","1","1","4","14098","2","14"
"1405393202","1","","1","3","14098","2","14"
"1405393203","1","2","1","2","14098","2","14"
"1405393204","1","","1","2","14098","2","14"
"1405393205","1","2","4","4","14098","2","14"
"1405398402","2","2","1","3","14098","3","14"
"1405398405","2","1","1","1","14098","3","14"
"1405398406","1","1","1","1","14098","3","14"
"1405450002","2","1","1","4","14098","3","14"
"1405450003","2","1","1","1","14098","3","14"
"1405450004","2","1","1","1","14098","3","14"
"1405450005","2","1","1","4","14098","3","14"
"1405450006","2","1","1","4","14098","3","14"
"1405459601","2","1","1","1","14098","3","14"
"1405459602","2","1","1","4","14098","3","14"
"1405459604","2","1","1","2","14098","3","14"
"1405459605","2","1","1","4","14098","3","14"
"1405459606","2","1","1","3","14098","3","14"
"1405460701","2","1","1","4","14098","3","14"
"1405460702","2","1","1","4","14098","3","14"
"1405460704","2","1","1","4","14098","3","14"
"1405460705","2","1","1","4","14098","3","14"
"1405462201","2","1","1","3","14098","3","14"
"1405462202","2","1","1","1","14098","3","14"
"1405462203","2","1","1","1","14098","3","14"
"1405462204","2","1","1","4","14098","3","14"
"1405462205","2","1","1","4","14098","3","14"
"1405462206","2","1","1","4","14098","3","14"
"1405466501","1","1","1","4","14098","3","14"
"1405466505","1","1","1","1","14098","3","14"
"1405470301","2","1","1","4","14098","3","14"
"1405470302","2","1","1","4","14098","3","14"
"1405470305","2","1","1","4","14098","3","14"
"1405470306","2","1","1","4","14098","3","14"
"1405560801","1","1","1","4","14098","4","14"
"1405560802","1","1","1","3","14098","4","14"
"1405560803","1","1","1","2","14098","4","14"
"1405560804","1","1","1","4","14098","4","14"
"1405560805","1","1","1","3","14098","4","14"
"1405695401","1","1","1","3","14098","4","14"
"1405695402","1","1","1","3","14098","4","14"
"1405695404","1","1","1","1","14098","4","14"
"1405695405","1","1","1","1","14098","4","14"
"1405695406","1","1","1","4","14098","4","14"
"1405700001","1","1","1","2","14098","4","14"
"1405700006","1","1","1","4","14098","4","14"
"1405706601","1","1","1","1","14098","4","14"
"1405706602","1","1","1","3","14098","4","14"
"1405706605","1","1","1","3","14098","4","14"
"1405706606","1","1","1","1","14098","4","14"
"1405712501","1","1","1","4","14098","2","14"
"1405712502","1","1","4","6","14098","2","14"
"1405712504","2","","1","1","14098","2","14"
"1405712505","1","5","1","4","14098","2","14"
"1405712506","1","","4","4","14098","2","14"
"1405713703","1","1","1","3","14098","4","14"
"1405713704","1","1","1","4","14098","4","14"
"1405713705","1","1","1","4","14098","4","14"
"1405713706","1","1","1","4","14098","4","14"
"1405844301","1","1","1","1","14101","2","14"
"1405844302","1","1","1","4","14101","2","14"
"1405844303","1","1","1","4","14101","2","14"
"1405844304","1","1","1","1","14101","2","14"
"1405844305","1","1","1","1","14101","2","14"
"1405878901","1","1","1","2","14101","3","14"
"1405878906","1","1","1","2","14101","3","14"
"1405969901","1","","1","4","14101","2","14"
"1405969902","1","1","1","1","14101","2","14"
"1405969903","2","1","1","1","14101","2","14"
"1405969904","1","1","1","1","14101","2","14"
"1405969905","1","","1","4","14101","2","14"
"1405969906","1","","1","4","14101","2","14"
"1405988802","1","1","1","1","14101","2","14"
"1405988803","1","1","1","4","14101","2","14"
"1405988804","1","1","1","4","14101","2","14"
"1405988806","1","1","1","4","14101","2","14"
"1405991402","1","1","1","1","14101","2","14"
"1405991403","1","1","1","4","14101","2","14"
"1405991404","1","1","1","4","14101","2","14"
"1405991405","1","1","1","4","14101","2","14"
"1405991406","1","1","1","1","14101","2","14"
"1406017001","1","1","1","1","14101","2","14"
"1406017002","1","1","1","2","14101","2","14"
"1406017003","1","1","1","1","14101","2","14"
"1406017005","1","1","1","2","14101","2","14"
"1406017006","1","1","1","4","14101","2","14"
"1406238802","2","1","1","4","14101","3","14"
"1406238805","2","1","1","4","14101","3","14"
"1406238806","2","1","1","2","14101","3","14"
"1406263401","1","1","1","4","14101","3","14"
"1406263403","1","1","1","1","14101","3","14"
"1406263405","1","1","1","1","14101","3","14"
"1406263406","1","1","1","3","14101","3","14"
"1406280001","1","1","1","4","14101","3","14"
"1406280002","1","1","1","3","14101","3","14"
"1406599501","1","1","1","4","14101","1","14"
"1406599502","1","1","1","4","14101","1","14"
"1406599503","1","1","1","4","14101","1","14"
"1406599504","1","1","1","4","14101","1","14"
"1406599505","1","1","1","1","14101","1","14"
"1406599506","1","1","1","3","14101","1","14"
"1406607201","1","1","1","3","14101","4","14"
"1406607202","1","1","1","3","14101","4","14"
"1406607203","1","1","1","3","14101","4","14"
"1406607205","1","1","1","3","14101","4","14"
"1406639601","1","1","1","4","14101","2","14"
"1406639602","1","1","1","1","14101","2","14"
"1406639603","1","1","1","4","14101","2","14"
"1406639604","1","1","1","2","14101","2","14"
"1406639605","1","1","1","4","14101","2","14"
"1406639606","1","1","1","3","14101","2","14"
"1406672701","1","1","1","4","14101","2","14"
"1406672702","1","3","1","4","14101","2","14"
"1406672704","1","1","1","1","14101","2","14"
"1406672705","1","2","1","1","14101","2","14"
"1406672706","1","1","1","4","14101","2","14"
"1406720501","1","1","1","4","14101","4","14"
"1406720503","1","1","1","1","14101","4","14"
"1406720504","1","1","1","1","14101","4","14"
"1406720505","1","1","1","4","14101","4","14"
"1406746605","2","1","1","3","14101","3","14"
"1406746606","2","1","1","1","14101","3","14"
"1406782701","3","1","1","1","14120","3","14"
"1406782702","1","1","1","1","14120","3","14"
"1406782703","1","1","1","2","14120","3","14"
"1406782704","1","1","1","4","14120","3","14"
"1406782705","1","1","1","1","14120","3","14"
"1406782706","1","1","1","4","14120","3","14"
"1406797201","1","1","1","4","14120","2","14"
"1406797202","1","1","1","4","14120","2","14"
"1406797203","1","2","1","4","14120","2","14"
"1406797204","2","1","1","1","14120","2","14"
"1406797205","2","2","1","1","14120","2","14"
"1406797206","2","2","1","1","14120","2","14"
"1406892201","3","1","1","2","14120","3","14"
"1406892202","1","1","1","1","14120","3","14"
"1406892203","3","1","1","1","14120","3","14"
"1406892204","1","1","1","1","14120","3","14"
"1406892206","1","1","1","1","14120","3","14"
"1406898501","1","1","1","4","14120","2","14"
"1406898502","1","1","1","1","14120","2","14"
"1406898503","4","1","1","2","14120","2","14"
"1406898504","1","1","1","1","14120","2","14"
"1406898505","1","1","1","4","14120","2","14"
"1406898506","1","1","1","2","14120","2","14"
"1406964301","3","1","1","1","14120","2","14"
"1406964302","3","4","1","2","14120","2","14"
"1406964305","3","","1","2","14120","2","14"
"1406964306","3","3","1","1","14120","2","14"
"1407052301","1","1","1","4","14120","4","14"
"1407052302","1","1","1","4","14120","4","14"
"1407052303","1","1","1","1","14120","4","14"
"1407052304","1","1","1","4","14120","4","14"
"1407052306","1","1","1","1","14120","4","14"
"1407137501","1","1","1","1","14120","3","14"
"1407137502","1","1","1","1","14120","3","14"
"1407137504","1","1","1","4","14120","3","14"
"1407137505","1","1","1","4","14120","3","14"
"1407137506","1","1","1","4","14120","3","14"
"1407148901","1","1","1","4","14120","4","14"
"1407148904","1","1","1","4","14120","4","14"
"1407148905","2","1","1","4","14120","4","14"
"1407177801","1","1","1","1","14120","4","14"
"1407177804","1","1","1","4","14120","4","14"
"1407177805","5","1","1","3","14120","4","14"
"1407177806","1","1","1","4","14120","4","14"
"1407180405","1","1","1","4","14120","4","14"
"1407180406","1","1","1","1","14120","4","14"
"1407191303","1","1","1","4","14120","3","14"
"1407191304","1","1","1","5","14120","3","14"
"1407191306","1","1","1","2","14120","3","14"
"1407229002","2","1","1","1","14120","4","14"
"1407229004","1","1","1","4","14120","4","14"
"1407229005","1","1","1","4","14120","4","14"
"1407260601","1","1","1","4","14120","4","14"
"1407260602","2","1","1","1","14120","4","14"
"1407260604","1","1","1","3","14120","4","14"
"1407260606","2","1","1","4","14120","4","14"
"1407267702","1","1","1","3","14120","4","14"
"1407267703","1","1","1","3","14120","4","14"
"1407267704","1","1","1","1","14120","4","14"
"1407267706","1","1","1","4","14120","4","14"
"1407291902","1","1","1","1","14120","2","14"
"1407291903","3","1","1","4","14120","2","14"
"1407291904","1","1","1","1","14120","2","14"
"1407291905","1","1","1","3","14120","2","14"
"1407291906","1","1","1","4","14120","2","14"
"1407292202","1","1","1","4","14120","4","14"
"1407305802","1","1","1","5","14120","2","14"
"1407305803","4","1","1","5","14120","2","14"
"1407305804","1","1","1","4","14120","2","14"
"1407305805","3","","1","4","14120","2","14"
"1407305806","1","1","1","4","14120","2","14"
"1407370901","1","1","1","1","14120","3","14"
"1407370903","1","1","1","4","14120","3","14"
"1407370904","1","1","1","4","14120","3","14"
"1407372801","1","1","1","4","14120","3","14"
"1407372802","1","1","1","1","14120","3","14"
"1407372803","1","1","1","4","14120","3","14"
"1407372805","1","1","1","2","14120","3","14"
"1407372806","1","1","1","4","14120","3","14"
"1407455401","1","1","1","3","14120","3","14"
"1407455403","1","1","1","4","14120","3","14"
"1407455404","1","1","1","4","14120","3","14"
"1407455405","1","1","1","4","14120","3","14"
"1407455406","1","1","1","1","14120","3","14"
"1407470002","2","1","1","1","14120","3","14"
"1407470004","2","1","1","1","14120","3","14"
"1407470005","1","1","1","1","14120","3","14"
"1407520401","1","1","1","4","14120","2","14"
"1407520402","1","1","1","1","14120","2","14"
"1407520403","3","1","1","2","14120","2","14"
"1407520404","1","1","1","4","14120","2","14"
"1407520405","1","1","1","4","14120","2","14"
"1407520406","1","1","1","2","14120","2","14"
"1407572501","2","1","1","1","14120","4","14"
"1407572502","2","1","1","2","14120","4","14"
"1407572503","2","1","1","4","14120","4","14"
"1407572504","2","1","1","1","14120","4","14"
"1407572505","2","1","1","2","14120","4","14"
"1407572506","2","1","1","2","14120","4","14"
"1407608601","1","1","1","4","14120","3","14"
"1407608602","1","1","1","4","14120","3","14"
"1407608603","1","1","1","4","14120","3","14"
"1407608604","1","1","1","4","14120","3","14"
"1407608605","5","1","1","3","14120","3","14"
"1407608606","1","1","1","3","14120","3","14"
"1407627001","1","1","1","1","14120","2","14"
"1407627002","1","1","1","4","14120","2","14"
"1407627003","1","1","1","4","14120","2","14"
"1407627004","1","1","1","2","14120","2","14"
"1407695301","1","1","1","4","14120","4","14"
"1407695302","1","1","1","4","14120","4","14"
"1407695303","1","1","1","4","14120","4","14"
"1407695304","1","2","1","4","14120","4","14"
"1407695306","1","1","1","4","14120","4","14"
"1407775701","1","1","1","1","14120","3","14"
"1407775702","1","1","1","4","14120","3","14"
"1407775704","5","1","1","1","14120","3","14"
"1407775705","1","1","1","1","14120","3","14"
"1407795901","1","1","1","2","14120","4","14"
"1407795903","1","1","1","2","14120","4","14"
"1407795904","1","1","1","2","14120","4","14"
"1407795905","1","1","1","4","14120","4","14"
"1407795906","1","1","1","1","14120","4","14"
"1407989601","1","1","1","1","14120","2","14"
"1407989602","3","1","1","1","14120","2","14"
"1407989603","1","1","1","2","14120","2","14"
"1407989604","1","1","1","4","14120","2","14"
"1407989605","1","1","1","2","14120","2","14"
"1407989606","1","1","1","4","14120","2","14"
"1408159202","1","1","1","4","14120","3","14"
"1408159203","1","1","1","4","14120","3","14"
"1408159204","1","1","1","4","14120","3","14"
"1408159206","1","1","1","4","14120","3","14"
"1408183801","1","1","1","4","14120","4","14"
"1408183802","1","1","1","4","14120","4","14"
"1408206502","1","1","1","4","14120","3","14"
"1408206503","1","1","1","4","14120","3","14"
"1408206504","2","1","1","4","14120","3","14"
"1408206505","2","1","1","2","14120","3","14"
"1408206506","1","2","1","4","14120","3","14"
"1408222302","1","1","1","4","14120","3","14"
"1408222304","1","1","1","2","14120","3","14"
"1408269901","1","1","1","1","14120","3","14"
"1408269904","1","1","1","4","14120","3","14"
"1408269905","1","1","1","3","14120","3","14"
"1408269906","2","1","1","1","14120","3","14"
"1408336803","2","1","1","2","14120","3","14"
"1408336804","1","1","1","2","14120","3","14"
"1408336806","1","1","1","4","14120","3","14"
"1408359401","1","1","1","4","14120","3","14"
"1408359402","1","1","1","4","14120","3","14"
"1408359403","1","1","1","1","14120","3","14"
"1408359404","1","1","1","3","14120","3","14"
"1408359406","1","1","1","2","14120","3","14"
"1408386001","2","1","1","4","14120","3","14"
"1408386002","2","1","1","1","14120","3","14"
"1408386005","2","1","1","1","14120","3","14"
"1408386006","2","1","1","1","14120","3","14"
"1408528701","1","1","1","4","14120","2","14"
"1408528702","1","1","1","4","14120","2","14"
"1408528703","1","1","1","4","14120","2","14"
"1408528704","1","1","1","4","14120","2","14"
"1408528705","1","1","1","4","14120","2","14"
"1408528706","1","1","1","1","14120","2","14"
"1408566401","1","1","1","1","14120","4","14"
"1408566402","2","1","1","1","14120","4","14"
"1408566403","1","1","1","4","14120","4","14"
"1408566404","1","1","1","4","14120","4","14"
"1408566405","1","1","1","4","14120","4","14"
"1408760201","1","1","1","1","14120","2","14"
"1408760203","3","1","1","1","14120","2","14"
"1408760204","1","1","1","2","14120","2","14"
"1408760205","1","1","1","5","14120","2","14"
"1408760206","1","1","1","4","14120","2","14"
"1408932601","1","1","1","4","14120","3","14"
"1408932602","1","1","1","1","14120","3","14"
"1408932603","1","1","1","4","14120","3","14"
"1408932604","1","1","1","1","14120","3","14"
"1408932605","1","1","1","1","14120","3","14"
"1408932606","1","1","1","4","14120","3","14"
"1409022001","1","1","1","4","14120","4","14"
"1409022003","1","1","1","4","14120","4","14"
"1409022004","1","1","1","3","14120","4","14"
"1409022005","1","1","1","4","14120","4","14"
"1409094601","1","1","1","3","14120","4","14"
"1409094602","1","1","1","4","14120","4","14"
"1409094603","1","1","1","3","14120","4","14"
"1409094604","1","1","1","2","14120","4","14"
"1409094605","1","1","1","1","14120","4","14"
"1409204701","1","1","1","4","14120","3","14"
"1409204702","1","1","1","1","14120","3","14"
"1409204706","1","1","1","3","14120","3","14"
"1409220702","1","1","1","3","14120","4","14"
"1409220703","1","1","1","3","14120","4","14"
"1409220704","1","1","1","3","14120","4","14"
"1409220706","1","1","1","4","14120","4","14"
"1409286501","3","1","1","4","14120","2","14"
"1409286502","1","1","1","4","14120","2","14"
"1409286503","1","1","1","2","14120","2","14"
"1409286504","1","1","1","4","14120","2","14"
"1409286505","1","1","1","1","14120","2","14"
"1409286506","1","1","1","4","14120","2","14"
"1409293301","1","1","1","1","14120","2","14"
"1409293302","1","1","1","4","14120","2","14"
"1409293303","1","1","1","2","14120","2","14"
"1409293304","1","1","1","4","14120","2","14"
"1409293305","1","1","1","1","14120","2","14"
"1409293306","3","1","1","1","14120","2","14"
"1409383202","1","1","1","1","14120","4","14"
"1409383206","1","1","1","3","14120","4","14"
"1409429902","1","1","4","2","14120","2","14"
"1409429903","1","1","1","2","14120","2","14"
"1409429904","1","1","1","4","14120","2","14"
"1409429905","1","1","4","2","14120","2","14"
"1409432502","1","1","1","2","14120","4","14"
"1409432503","1","1","1","1","14120","4","14"
"1409432504","1","1","1","4","14120","4","14"
"1409432505","1","1","1","4","14120","4","14"
"1409432506","3","1","1","1","14120","4","14"
"1409475302","1","3","1","4","14120","4","14"
"1409475306","1","1","1","4","14120","4","14"
"1409528801","1","1","1","4","14120","2","14"
"1409528803","1","1","1","3","14120","2","14"
"1409528804","1","1","1","4","14120","2","14"
"1409528805","1","1","1","4","14120","2","14"
"1409528806","1","1","1","1","14120","2","14"
"1409536401","1","2","1","4","14120","2","14"
"1409536402","1","1","1","4","14120","2","14"
"1409536405","1","1","1","4","14120","2","14"
"1409568901","1","1","1","4","14120","4","14"
"1409568903","1","1","1","2","14120","4","14"
"1409568906","1","1","1","1","14120","4","14"
"1409574801","1","1","1","3","14120","4","14"
"1409574802","1","1","1","4","14120","4","14"
"1409574803","1","1","1","4","14120","4","14"
"1409574804","1","1","1","4","14120","4","14"
"1409574805","1","1","1","4","14120","4","14"
"1409574806","1","1","1","2","14120","4","14"
"1409667001","1","1","1","1","14006","3","14"
"1409667002","1","1","1","1","14006","3","14"
"1409667003","1","1","1","4","14006","3","14"
"1409667005","1","1","1","2","14006","3","14"
"1409667219","1","1","1","4","14006","3","14"
"1409667220","1","2","1","4","14006","3","14"
"1409667221","1","2","1","4","14006","3","14"
"1409667222","1","2","1","4","14006","3","14"
"1409667608","1","1","1","1","14006","3","14"
"1409667609","1","2","1","4","14006","3","14"
"1409667610","1","1","1","4","14006","3","14"
"1409667612","1","1","1","4","14006","3","14"
"1409667713","1","2","1","4","14006","3","14"
"1409667714","1","2","1","4","14006","3","14"
"1409667715","1","2","1","4","14006","3","14"
"1409667717","1","","1","1","14006","3","14"
"1409667718","1","2","1","4","14006","3","14"
"1409712013","2","1","1","1","14008","2","14"
"1409712014","2","1","1","2","14008","2","14"
"1409712015","1","2","1","1","14008","2","14"
"1409712016","1","3","1","2","14008","2","14"
"1409712017","1","3","1","2","14008","2","14"
"1409712018","1","3","1","1","14008","2","14"
"1409712407","1","4","1","1","14008","2","14"
"1409712408","3","4","1","1","14008","2","14"
"1409712409","1","4","1","4","14008","2","14"
"1409712410","1","1","1","4","14008","2","14"
"1409712411","2","3","1","1","14008","2","14"
"1409712412","1","4","1","4","14008","2","14"
"1409712619","1","4","1","4","14008","2","14"
"1409712621","1","1","1","1","14008","2","14"
"1409712802","1","4","1","4","14008","2","14"
"1409712803","1","4","1","4","14008","2","14"
"1409712805","1","4","1","1","14008","2","14"
"1409712806","1","3","1","1","14008","2","14"
"1409713207","2","4","1","2","14008","2","14"
"1409713208","1","4","1","4","14008","2","14"
"1409713209","2","3","1","1","14008","2","14"
"1409713210","1","4","1","1","14008","2","14"
"1409713211","1","4","1","4","14008","2","14"
"1409713212","2","3","1","1","14008","2","14"
"1409713319","1","3","1","1","14008","2","14"
"1409713320","1","3","1","2","14008","2","14"
"1409713323","1","3","1","4","14008","2","14"
"1409713324","1","1","1","2","14008","2","14"
"1409713513","1","4","1","4","14008","2","14"
"1409713514","1","4","1","4","14008","2","14"
"1409713515","1","4","1","4","14008","2","14"
"1409713517","1","3","1","4","14008","2","14"
"1409713702","1","4","1","4","14008","2","14"
"1409713704","1","1","1","1","14008","2","14"
"1409713705","2","3","1","1","14008","2","14"
"1409713706","1","3","1","2","14008","2","14"
"1410046213","1","1","1","2","14023","3","14"
"1410046214","1","1","1","4","14023","3","14"
"1410046216","1","1","1","1","14023","3","14"
"1410046217","1","1","1","4","14023","3","14"
"1410046218","1","1","1","4","14023","3","14"
"1410046519","1","1","1","1","14023","3","14"
"1410046520","1","1","1","1","14023","3","14"
"1410046521","1","1","1","4","14023","3","14"
"1410046522","1","1","1","4","14023","3","14"
"1410046523","1","1","1","4","14023","3","14"
"1410046524","1","1","1","4","14023","3","14"
"1410046602","1","1","1","4","14023","3","14"
"1410046603","1","1","1","4","14023","3","14"
"1410046606","1","1","1","4","14023","3","14"
"1410046707","1","1","1","2","14023","3","14"
"1410046709","1","1","1","4","14023","3","14"
"1410046710","1","1","1","4","14023","3","14"
"1410046712","1","1","1","4","14023","3","14"
"1410082301","1","1","1","1","14023","3","14"
"1410082303","1","1","1","2","14023","3","14"
"1410082304","1","1","1","1","14023","3","14"
"1410082305","1","1","1","2","14023","3","14"
"1410082419","1","1","1","4","14023","3","14"
"1410082420","1","1","1","4","14023","3","14"
"1410082421","1","1","1","4","14023","3","14"
"1410082423","1","1","1","4","14023","3","14"
"1410082424","1","1","1","1","14023","3","14"
"1410082813","1","1","1","1","14023","3","14"
"1410082814","1","1","1","4","14023","3","14"
"1410082815","1","1","1","4","14023","3","14"
"1410082816","1","1","1","4","14023","3","14"
"1410082818","1","1","1","4","14023","3","14"
"1410082907","1","2","1","4","14023","3","14"
"1410082908","1","1","1","4","14023","3","14"
"1410082909","1","1","1","4","14023","3","14"
"1410082910","1","1","1","1","14023","3","14"
"1410082911","1","1","1","4","14023","3","14"
"1410082912","1","1","1","4","14023","3","14"
"1410116001","1","1","1","2","14023","3","14"
"1410116003","1","1","1","1","14023","3","14"
"1410116004","1","1","1","4","14023","3","14"
"1410116006","1","1","1","4","14023","3","14"
"1410116219","1","1","1","4","14023","3","14"
"1410116221","1","1","1","1","14023","3","14"
"1410116222","1","1","1","4","14023","3","14"
"1410116223","1","1","1","3","14023","3","14"
"1410116224","1","1","1","2","14023","3","14"
"1410116608","1","1","1","4","14023","3","14"
"1410116610","1","1","1","3","14023","3","14"
"1410116611","1","1","1","4","14023","3","14"
"1410116612","1","1","1","1","14023","3","14"
"1410116713","1","1","1","3","14023","3","14"
"1410116715","1","1","1","1","14023","3","14"
"1410116716","1","1","1","4","14023","3","14"
"1410116718","1","1","1","4","14023","3","14"
"1410123019","1","1","1","4","14023","2","14"
"1410123020","1","1","1","1","14023","2","14"
"1410123021","1","2","1","1","14023","2","14"
"1410123024","1","1","1","4","14023","2","14"
"1410123414","1","1","1","4","14023","2","14"
"1410123415","1","1","1","1","14023","2","14"
"1410123416","1","1","1","4","14023","2","14"
"1410123418","1","1","1","4","14023","2","14"
"1410123807","1","1","1","2","14023","2","14"
"1410123808","1","1","1","2","14023","2","14"
"1410123809","1","1","1","4","14023","2","14"
"1410123811","1","1","1","4","14023","2","14"
"1410123812","1","1","1","2","14023","2","14"
"1410123901","1","1","1","1","14023","2","14"
"1410123902","1","1","1","3","14023","2","14"
"1410123903","1","2","1","1","14023","2","14"
"1410123904","1","1","1","1","14023","2","14"
"1410123905","1","2","1","1","14023","2","14"
"1410123906","1","2","1","4","14023","2","14"
"1410816601","1","5","1","3","14070","2","14"
"1410816602","1","4","1","4","14070","2","14"
"1410816603","1","3","1","4","14070","2","14"
"1410816604","1","1","1","2","14070","2","14"
"1410816605","1","1","1","4","14070","2","14"
"1410816606","1","1","1","4","14070","2","14"
"1410898701","1","2","1","1","14070","2","14"
"1410898702","1","2","1","4","14070","2","14"
"1410898703","1","1","1","4","14070","2","14"
"1410898705","1","2","1","1","14070","2","14"
"1410898706","1","","1","4","14070","2","14"
"1411040201","1","1","1","2","14070","2","14"
"1411040203","1","1","1","4","14070","2","14"
"1411040204","1","2","1","4","14070","2","14"
"1411040205","1","2","1","4","14070","2","14"
"1411040206","1","1","1","1","14070","2","14"
"1411101008","1","3","1","4","14073","2","14"
"1411101009","1","3","1","4","14073","2","14"
"1411101010","1","2","1","4","14073","2","14"
"1411101011","1","4","1","1","14073","2","14"
"1411101012","1","4","1","4","14073","2","14"
"1411101401","1","1","1","1","14073","2","14"
"1411101402","1","4","1","2","14073","2","14"
"1411101406","2","2","1","1","14073","2","14"
"1411101613","5","4","1","1","14073","2","14"
"1411101615","1","2","1","1","14073","2","14"
"1411101617","1","2","1","1","14073","2","14"
"1411101719","1","2","1","4","14073","2","14"
"1411101722","2","1","1","1","14073","2","14"
"1411101723","1","2","1","1","14073","2","14"
"1411101724","1","1","1","3","14073","2","14"
"1411142201","1","3","1","1","14078","2","14"
"1411142202","1","1","1","1","14078","2","14"
"1411142203","1","2","1","4","14078","2","14"
"1411142204","3","1","1","1","14078","2","14"
"1411142205","1","4","1","1","14078","2","14"
"1411142313","3","1","1","1","14078","2","14"
"1411142318","1","2","1","1","14078","2","14"
"1411142508","1","2","1","3","14078","2","14"
"1411142509","2","1","1","1","14078","2","14"
"1411142511","1","1","1","2","14078","2","14"
"1411142512","1","1","1","1","14078","2","14"
"1411142919","1","1","1","1","14078","2","14"
"1411142922","2","1","1","1","14078","2","14"
"1411142923","1","1","1","1","14078","2","14"
"1411142924","1","1","1","1","14078","2","14"
"1411173307","1","1","1","4","14078","3","14"
"1411173308","1","1","1","4","14078","3","14"
"1411173309","2","1","1","1","14078","3","14"
"1411173310","2","1","1","1","14078","3","14"
"1411173311","1","1","1","4","14078","3","14"
"1411173312","1","1","1","4","14078","3","14"
"1411173501","1","1","1","1","14078","3","14"
"1411173503","1","3","1","4","14078","3","14"
"1411173504","3","1","1","1","14078","3","14"
"1411173820","1","1","1","4","14078","3","14"
"1411173822","1","1","1","1","14078","3","14"
"1411173823","2","1","1","4","14078","3","14"
"1411173824","1","1","1","1","14078","3","14"
"1411173913","1","1","1","4","14078","3","14"
"1411173914","2","1","1","4","14078","3","14"
"1411173915","1","1","1","4","14078","3","14"
"1411173918","2","1","1","1","14078","3","14"
"1411270010","1","1","1","1","14083","3","14"
"1411270011","1","1","1","4","14083","3","14"
"1411270012","1","1","1","3","14083","3","14"
"1411270402","1","2","1","5","14083","3","14"
"1411270405","1","1","1","4","14083","3","14"
"1411270406","1","2","1","1","14083","3","14"
"1411270613","1","1","1","4","14083","3","14"
"1411270614","1","1","1","4","14083","3","14"
"1411270615","1","1","1","2","14083","3","14"
"1411270616","1","1","1","4","14083","3","14"
"1411270617","1","1","1","4","14083","3","14"
"1411270618","1","1","1","4","14083","3","14"
"1411270719","1","1","1","4","14083","3","14"
"1411270720","1","1","1","4","14083","3","14"
"1411270721","1","1","1","4","14083","3","14"
"1411270723","1","1","1","3","14083","3","14"
"1411270724","1","1","1","3","14083","3","14"
"1411280013","1","2","1","2","14083","2","14"
"1411280014","1","2","1","4","14083","2","14"
"1411280016","1","2","1","3","14083","2","14"
"1411280017","1","2","1","4","14083","2","14"
"1411280018","1","2","1","4","14083","2","14"
"1411280408","1","2","1","1","14083","2","14"
"1411280409","1","2","1","1","14083","2","14"
"1411280411","1","1","1","4","14083","2","14"
"1411280412","1","2","1","4","14083","2","14"
"1411280620","1","2","1","4","14083","2","14"
"1411280621","1","2","1","4","14083","2","14"
"1411280622","1","2","1","4","14083","2","14"
"1411280623","1","2","1","4","14083","2","14"
"1411280624","1","1","1","2","14083","2","14"
"1411280801","1","2","1","4","14083","2","14"
"1411280802","4","1","1","1","14083","2","14"
"1411280803","1","2","1","1","14083","2","14"
"1411280804","1","2","1","1","14083","2","14"
"1411280805","1","3","1","3","14083","2","14"
"1411280806","1","2","1","4","14083","2","14"
"1411506307","1","1","1","1","14093","3","14"
"1411506308","1","1","1","3","14093","3","14"
"1411506309","1","1","1","1","14093","3","14"
"1411506310","1","1","1","3","14093","3","14"
"1411506311","1","1","1","4","14093","3","14"
"1411506312","1","4","1","4","14093","3","14"
"1411506501","2","1","1","2","14093","3","14"
"1411506503","2","1","1","1","14093","3","14"
"1411506504","1","1","1","3","14093","3","14"
"1411506505","1","1","1","1","14093","3","14"
"1411506819","1","1","1","4","14093","3","14"
"1411506820","1","1","1","1","14093","3","14"
"1411506821","1","1","1","1","14093","3","14"
"1411506823","1","1","1","1","14093","3","14"
"1411506824","1","1","1","2","14093","3","14"
"1411506913","1","1","1","1","14093","3","14"
"1411506914","1","1","1","4","14093","3","14"
"1411506915","1","1","1","1","14093","3","14"
"1411506916","1","1","1","4","14093","3","14"
"1411653501","1","1","1","1","14097","2","14"
"1411653502","1","1","1","4","14097","2","14"
"1411653503","1","1","1","4","14097","2","14"
"1411653504","1","1","1","4","14097","2","14"
"1411653505","1","1","1","1","14097","2","14"
"1411653506","1","1","1","1","14097","2","14"
"1411658801","1","1","1","4","14097","3","14"
"1411658804","1","1","1","4","14097","3","14"
"1411658805","1","1","1","4","14097","3","14"
"1411658806","1","1","1","1","14097","3","14"
"1411717003","1","1","1","3","14097","4","14"
"1411798301","1","","1","3","14097","2","14"
"1411798302","1","2","1","2","14097","2","14"
"1411798303","1","","1","3","14097","2","14"
"1411798304","3","4","1","1","14097","2","14"
"1411798305","1","1","1","4","14097","2","14"
"1411798306","1","5","1","1","14097","2","14"
"1411810601","1","1","1","1","14097","4","14"
"1411810602","1","1","1","1","14097","4","14"
"1411810604","1","1","1","3","14097","4","14"
"1411810605","1","1","1","5","14097","4","14"
"1411810606","1","1","1","1","14097","4","14"
"1412016207","1","1","1","3","14097","2","14"
"1412016208","1","1","1","3","14097","2","14"
"1412016209","1","1","1","3","14097","2","14"
"1412016210","1","1","1","3","14097","2","14"
"1412016319","1","1","1","2","14097","2","14"
"1412016320","1","1","1","1","14097","2","14"
"1412016321","1","1","1","3","14097","2","14"
"1412016322","1","1","1","3","14097","2","14"
"1412016323","1","1","1","3","14097","2","14"
"1412016324","1","1","1","3","14097","2","14"
"1412016513","1","1","1","3","14097","2","14"
"1412016514","1","1","1","3","14097","2","14"
"1412016515","1","1","1","4","14097","2","14"
"1412016517","1","1","1","1","14097","2","14"
"1412016518","1","1","1","4","14097","2","14"
"1412016702","1","1","1","3","14097","2","14"
"1412016703","1","1","1","3","14097","2","14"
"1412016704","1","1","1","3","14097","2","14"
"1412016705","1","1","1","3","14097","2","14"
"1412064401","1","1","1","4","14098","3","14"
"1412064402","1","1","1","1","14098","3","14"
"1412064403","1","1","1","3","14098","3","14"
"1412064404","1","1","1","3","14098","3","14"
"1412064405","1","1","1","1","14098","3","14"
"1412064406","1","1","1","1","14098","3","14"
"1412087902","2","1","1","2","14101","2","14"
"1412087903","1","1","1","4","14101","2","14"
"1412087904","1","","1","4","14101","2","14"
"1412087905","1","","1","1","14101","2","14"
"1412087906","1","1","1","4","14101","2","14"
"1412408019","1","1","1","6","14121","2","14"
"1412408020","1","1","1","4","14121","2","14"
"1412408021","1","1","1","1","14121","2","14"
"1412408022","1","1","1","6","14121","2","14"
"1412408023","1","1","1","6","14121","2","14"
"1412408024","1","1","1","4","14121","2","14"
"1412408413","1","1","1","4","14121","2","14"
"1412408414","1","1","1","2","14121","2","14"
"1412408415","1","1","1","4","14121","2","14"
"1412408417","1","1","1","4","14121","2","14"
"1412408418","1","1","1","4","14121","2","14"
"1412408807","1","1","1","1","14121","2","14"
"1412408808","1","1","1","1","14121","2","14"
"1412408809","1","1","1","1","14121","2","14"
"1412408811","1","1","1","4","14121","2","14"
"1412408812","1","2","1","4","14121","2","14"
"1412408902","1","1","1","4","14121","2","14"
"1412408903","1","1","1","4","14121","2","14"
"1412408904","1","1","1","4","14121","2","14"
"1412408905","1","1","1","4","14121","2","14"
"1412408906","1","2","1","3","14121","2","14"
"1412425213","1","1","1","1","14121","2","14"
"1412425214","1","1","1","4","14121","2","14"
"1412425215","1","1","1","4","14121","2","14"
"1412425216","1","1","1","4","14121","2","14"
"1412425218","1","1","1","4","14121","2","14"
"1412425520","1","1","1","3","14121","2","14"
"1412425521","1","2","1","3","14121","2","14"
"1412425522","5","1","1","3","14121","2","14"
"1412425523","1","1","1","1","14121","2","14"
"1412425601","1","1","1","4","14121","2","14"
"1412425603","1","1","1","4","14121","2","14"
"1412425604","1","1","1","2","14121","2","14"
"1412425605","1","1","1","4","14121","2","14"
"1412425606","1","1","1","2","14121","2","14"
"1412425707","5","1","1","1","14121","2","14"
"1412425709","5","1","1","1","14121","2","14"
"1412425710","5","1","1","2","14121","2","14"
"1412425711","5","1","1","1","14121","2","14"
"1412425712","5","1","1","4","14121","2","14"
"1412448302","1","1","1","1","14124","2","14"
"1412448303","1","1","1","4","14124","2","14"
"1412448304","1","1","1","1","14124","2","14"
"1412448305","1","1","1","4","14124","2","14"
"1412448419","1","1","1","5","14124","2","14"
"1412448420","1","1","1","1","14124","2","14"
"1412448421","1","1","1","4","14124","2","14"
"1412448422","1","1","1","1","14124","2","14"
"1412448423","1","1","1","1","14124","2","14"
"1412448424","1","1","1","4","14124","2","14"
"1412448813","1","1","1","4","14124","2","14"
"1412448814","1","2","1","2","14124","2","14"
"1412448815","1","1","1","1","14124","2","14"
"1412448816","1","1","1","1","14124","2","14"
"1412448817","1","2","1","2","14124","2","14"
"1412448818","1","2","1","1","14124","2","14"
"1412448907","1","1","1","1","14124","2","14"
"1412448908","1","1","1","4","14124","2","14"
"1412448909","1","1","1","4","14124","2","14"
"1412448910","1","1","1","1","14124","2","14"
"1412586201","1","1","1","2","14005","2","14"
"1412586202","1","1","1","1","14005","2","14"
"1412586203","1","1","1","2","14005","2","14"
"1412586204","1","1","1","2","14005","2","14"
"1412586205","1","2","1","1","14005","2","14"
"1412586206","1","1","1","4","14005","2","14"
"1412586313","1","1","1","5","14005","2","14"
"1412586314","1","1","1","5","14005","2","14"
"1412586315","1","1","1","1","14005","2","14"
"1412586316","1","1","1","4","14005","2","14"
"1412586317","1","1","1","1","14005","2","14"
"1412586507","1","1","1","1","14005","2","14"
"1412586508","1","1","1","2","14005","2","14"
"1412586509","1","1","1","4","14005","2","14"
"1412586510","1","1","1","2","14005","2","14"
"1412586511","1","1","1","2","14005","2","14"
"1412586512","1","1","1","4","14005","2","14"
"1412586919","1","1","1","1","14005","2","14"
"1412586920","1","1","1","1","14005","2","14"
"1412586921","1","1","1","2","14005","2","14"
"1412586922","3","1","1","1","14005","2","14"
"1412586923","1","1","1","5","14005","2","14"
"1412586924","1","1","1","1","14005","2","14"
"1412981308","1","1","1","1","14030","3","14"
"1412981309","1","1","1","2","14030","3","14"
"1412981310","1","1","1","4","14030","3","14"
"1412981311","1","2","1","1","14030","3","14"
"1412981312","1","1","1","2","14030","3","14"
"1412981501","1","4","3","4","14030","3","14"
"1412981503","1","1","1","1","14030","3","14"
"1412981504","1","1","1","1","14030","3","14"
"1412981505","1","1","1","1","14030","3","14"
"1412981819","1","1","1","4","14030","3","14"
"1412981820","1","1","1","4","14030","3","14"
"1412981821","1","1","1","4","14030","3","14"
"1412981822","1","1","1","4","14030","3","14"
"1412981823","1","1","1","2","14030","3","14"
"1412981824","1","1","1","4","14030","3","14"
"1412981913","1","1","1","2","14030","3","14"
"1412981914","1","1","1","4","14030","3","14"
"1412981915","1","1","1","4","14030","3","14"
"1412981916","1","1","1","4","14030","3","14"
"1412981917","1","1","1","4","14030","3","14"
"1412981918","1","1","1","4","14030","3","14"
"1413005013","1","1","1","2","14030","2","14"
"1413005014","1","1","1","4","14030","2","14"
"1413005015","1","1","1","1","14030","2","14"
"1413005017","1","1","1","4","14030","2","14"
"1413005407","1","1","1","4","14030","2","14"
"1413005408","1","1","1","4","14030","2","14"
"1413005409","1","1","1","1","14030","2","14"
"1413005410","1","1","1","4","14030","2","14"
"1413005411","1","1","1","2","14030","2","14"
"1413005412","1","1","1","4","14030","2","14"
"1413005619","1","1","1","1","14030","2","14"
"1413005620","1","1","1","4","14030","2","14"
"1413005621","1","1","1","4","14030","2","14"
"1413005622","1","1","1","4","14030","2","14"
"1413005623","1","1","1","1","14030","2","14"
"1413005624","1","1","1","4","14030","2","14"
"1413005801","1","1","1","2","14030","2","14"
"1413005802","3","1","1","1","14030","2","14"
"1413005803","1","1","1","2","14030","2","14"
"1413005804","1","1","1","4","14030","2","14"
"1413005805","1","1","1","4","14030","2","14"
"1413005806","1","1","1","2","14030","2","14"
"1413016020","1","1","1","5","14030","3","14"
"1413016022","1","1","1","4","14030","3","14"
"1413016024","1","2","1","1","14030","3","14"
"1413016413","1","1","1","4","14030","3","14"
"1413016415","1","1","1","1","14030","3","14"
"1413016416","1","1","1","2","14030","3","14"
"1413016417","1","1","1","2","14030","3","14"
"1413016418","1","1","1","4","14030","3","14"
"1413016808","1","2","1","4","14030","3","14"
"1413016810","1","1","1","4","14030","3","14"
"1413016811","1","1","1","1","14030","3","14"
"1413016812","1","1","1","2","14030","3","14"
"1413016903","1","1","1","1","14030","3","14"
"1413016904","1","1","1","1","14030","3","14"
"1413016905","1","1","1","4","14030","3","14"
"1413016906","1","1","1","4","14030","3","14"
"1413265207","1","1","1","6","14050","2","14"
"1413265208","1","1","1","4","14050","2","14"
"1413265209","1","1","1","2","14050","2","14"
"1413265210","1","1","1","4","14050","2","14"
"1413265211","3","1","1","2","14050","2","14"
"1413265212","3","1","1","2","14050","2","14"
"1413265319","1","1","1","4","14050","2","14"
"1413265320","1","1","1","4","14050","2","14"
"1413265321","1","1","1","4","14050","2","14"
"1413265322","1","1","1","4","14050","2","14"
"1413265324","1","1","1","2","14050","2","14"
"1413265513","1","1","1","2","14050","2","14"
"1413265514","3","1","1","1","14050","2","14"
"1413265515","1","","1","4","14050","2","14"
"1413265516","1","1","1","4","14050","2","14"
"1413265517","1","","1","4","14050","2","14"
"1413265518","1","","1","4","14050","2","14"
"1413265701","1","1","1","2","14050","2","14"
"1413265702","1","5","1","4","14050","2","14"
"1413265703","1","1","1","4","14050","2","14"
"1413265704","1","1","1","4","14050","2","14"
"1413265705","1","1","1","4","14050","2","14"
"1413265706","1","2","1","5","14050","2","14"
"1413869019","1","2","1","2","14087","2","14"
"1413869021","1","3","1","4","14087","2","14"
"1413869022","1","1","1","4","14087","2","14"
"1413869023","1","2","1","4","14087","2","14"
"1413869024","1","2","1","4","14087","2","14"
"1413869413","1","2","1","2","14087","2","14"
"1413869414","1","2","1","1","14087","2","14"
"1413869415","1","2","1","4","14087","2","14"
"1413869416","1","2","1","2","14087","2","14"
"1413869418","1","2","1","2","14087","2","14"
"1413869807","1","2","1","1","14087","2","14"
"1413869808","1","2","1","4","14087","2","14"
"1413869809","1","2","1","5","14087","2","14"
"1413869810","1","2","1","4","14087","2","14"
"1413869811","1","2","1","1","14087","2","14"
"1413869812","1","2","1","2","14087","2","14"
"1413869901","1","2","1","4","14087","2","14"
"1413869902","1","3","1","4","14087","2","14"
"1413869903","1","2","1","4","14087","2","14"
"1413869904","1","2","1","4","14087","2","14"
"1413869905","1","2","1","4","14087","2","14"
"1413869906","1","2","1","4","14087","2","14"
"1414122201","4","1","1","2","14097","2","14"
"1414122202","1","1","1","4","14097","2","14"
"1414122203","1","1","1","4","14097","2","14"
"1414122204","1","1","1","4","14097","2","14"
"1414122205","1","1","1","4","14097","2","14"
"1414122206","1","1","1","4","14097","2","14"
"1414122313","1","2","1","3","14097","2","14"
"1414122315","1","1","1","4","14097","2","14"
"1414122317","1","1","1","1","14097","2","14"
"1414122318","1","1","1","2","14097","2","14"
"1414122507","1","1","1","3","14097","2","14"
"1414122508","1","1","1","1","14097","2","14"
"1414122509","1","1","1","1","14097","2","14"
"1414122512","1","1","1","3","14097","2","14"
"1414122919","1","1","1","2","14097","2","14"
"1414122921","1","1","1","4","14097","2","14"
"1414122922","1","1","1","4","14097","2","14"
"1414122923","1","1","1","4","14097","2","14"
"1414139213","1","2","1","4","14097","2","14"
"1414139214","1","1","1","4","14097","2","14"
"1414139215","1","1","1","4","14097","2","14"
"1414139216","1","1","1","4","14097","2","14"
"1414139217","1","","1","2","14097","2","14"
"1414139218","1","","1","4","14097","2","14"
"1414139519","1","","1","4","14097","2","14"
"1414139520","1","","1","4","14097","2","14"
"1414139521","1","","1","3","14097","2","14"
"1414139522","1","","1","3","14097","2","14"
"1414139523","1","","1","1","14097","2","14"
"1414139524","1","","1","4","14097","2","14"
"1414139601","1","1","1","4","14097","2","14"
"1414139602","1","1","1","2","14097","2","14"
"1414139603","1","2","1","1","14097","2","14"
"1414139604","1","1","1","4","14097","2","14"
"1414139605","1","1","1","2","14097","2","14"
"1414139606","1","1","1","4","14097","2","14"
"1414139707","1","1","1","4","14097","2","14"
"1414139708","1","1","1","4","14097","2","14"
"1414139709","1","2","1","4","14097","2","14"
"1414139710","1","1","1","4","14097","2","14"
"1414139711","1","2","1","1","14097","2","14"
"1414140301","1","3","1","4","14097","2","14"
"1414140302","1","2","1","4","14097","2","14"
"1414140304","1","1","1","4","14097","2","14"
"1414140305","1","1","1","4","14097","2","14"
"1414140306","1","1","1","3","14097","2","14"
"1414140419","1","1","1","1","14097","2","14"
"1414140420","1","1","1","4","14097","2","14"
"1414140421","1","1","1","1","14097","2","14"
"1414140422","1","1","1","1","14097","2","14"
"1414140423","1","1","1","4","14097","2","14"
"1414140424","1","1","1","4","14097","2","14"
"1414140813","1","1","1","1","14097","2","14"
"1414140815","1","1","1","1","14097","2","14"
"1414140816","1","1","1","1","14097","2","14"
"1414140817","1","1","1","1","14097","2","14"
"1414140818","1","2","1","4","14097","2","14"
"1414140907","1","1","1","2","14097","2","14"
"1414140909","1","1","1","4","14097","2","14"
"1414140910","1","1","1","4","14097","2","14"
"1414140911","1","1","1","2","14097","2","14"
"1414140912","1","1","1","4","14097","2","14"
"1414198201","1","","1","3","14097","4","14"
"1414198202","1","1","1","3","14097","4","14"
"1414198203","1","1","1","4","14097","4","14"
"1414198205","1","1","1","1","14097","4","14"
"1414367007","1","1","1","2","14100","3","14"
"1414367008","1","1","1","1","14100","3","14"
"1414367009","1","1","1","1","14100","3","14"
"1414367010","1","1","1","1","14100","3","14"
"1414367011","1","1","1","1","14100","3","14"
"1414367012","1","1","1","2","14100","3","14"
"1414367401","5","2","1","2","14100","3","14"
"1414367402","1","1","1","4","14100","3","14"
"1414367403","1","1","1","4","14100","3","14"
"1414367404","1","1","1","4","14100","3","14"
"1414367405","1","1","1","4","14100","3","14"
"1414367406","1","1","1","4","14100","3","14"
"1414367613","1","1","1","1","14100","3","14"
"1414367615","1","1","1","4","14100","3","14"
"1414367616","1","1","1","1","14100","3","14"
"1414367719","1","1","1","1","14100","3","14"
"1414367721","1","1","1","5","14100","3","14"
"1414367722","1","1","1","2","14100","3","14"
"1414367724","1","1","1","2","14100","3","14"
"1414421701","1","1","1","1","14101","2","14"
"1414421702","1","1","1","1","14101","2","14"
"1414421704","1","1","1","4","14101","2","14"
"1414421705","1","1","1","4","14101","2","14"
"1414421706","1","1","1","1","14101","2","14"
"1414470001","1","1","1","4","14105","2","14"
"1414470002","1","1","1","2","14105","2","14"
"1414470003","1","1","1","1","14105","2","14"
"1414470004","1","1","1","1","14105","2","14"
"1414470005","1","1","1","2","14105","2","14"
"1414470006","1","1","1","1","14105","2","14"
"1414470219","1","1","1","2","14105","2","14"
"1414470221","1","1","1","2","14105","2","14"
"1414470223","1","1","1","4","14105","2","14"
"1414470224","1","1","1","4","14105","2","14"
"1414470607","1","1","1","1","14105","2","14"
"1414470609","1","1","1","4","14105","2","14"
"1414470610","1","1","1","4","14105","2","14"
"1414470611","1","2","1","1","14105","2","14"
"1414470612","1","1","1","1","14105","2","14"
"1414470714","1","1","1","2","14105","2","14"
"1414470716","1","1","1","4","14105","2","14"
"1414470717","1","2","1","2","14105","2","14"
"1414470718","1","1","1","4","14105","2","14"
"1414601013","1","2","1","4","14115","2","14"
"1414601014","1","2","1","4","14115","2","14"
"1414601015","1","","1","4","14115","2","14"
"1414601016","1","1","1","4","14115","2","14"
"1414601017","1","2","1","4","14115","2","14"
"1414601018","1","2","1","4","14115","2","14"
"1414601407","1","2","1","4","14115","2","14"
"1414601408","1","2","1","1","14115","2","14"
"1414601410","1","2","1","2","14115","2","14"
"1414601411","1","2","1","1","14115","2","14"
"1414601412","1","2","1","4","14115","2","14"
"1414601619","1","2","1","4","14115","2","14"
"1414601620","1","2","1","4","14115","2","14"
"1414601621","1","2","1","4","14115","2","14"
"1414601622","1","1","1","2","14115","2","14"
"1414601623","1","1","5","2","14115","2","14"
"1414601624","1","2","1","4","14115","2","14"
"1414601801","1","2","1","1","14115","2","14"
"1414601805","1","","1","4","14115","2","14"
"1414601806","1","","1","5","14115","2","14"
"1414716207","1","1","1","4","14124","2","14"
"1414716208","1","","1","4","14124","2","14"
"1414716209","1","1","1","5","14124","2","14"
"1414716211","1","1","1","2","14124","2","14"
"1414716212","1","1","1","4","14124","2","14"
"1414716319","1","1","1","4","14124","2","14"
"1414716320","1","1","1","2","14124","2","14"
"1414716321","1","1","1","4","14124","2","14"
"1414716322","1","1","1","4","14124","2","14"
"1414716323","1","1","1","4","14124","2","14"
"1414716324","1","1","1","2","14124","2","14"
"1414716513","1","1","1","1","14124","2","14"
"1414716515","1","1","1","1","14124","2","14"
"1414716516","1","1","1","4","14124","2","14"
"1414716518","1","1","1","4","14124","2","14"
"1414716701","1","1","1","4","14124","2","14"
"1414716702","1","1","1","4","14124","2","14"
"1414716703","1","1","1","2","14124","2","14"
"1414716704","1","1","1","1","14124","2","14"
"1414716705","1","1","1","1","14124","2","14"
"1414716706","1","1","1","2","14124","2","14"
"1414748201","1","1","1","4","14039","3","14"
"1414748202","1","1","1","4","14039","3","14"
"1414748203","1","","1","2","14039","3","14"
"1414748204","1","1","1","2","14039","3","14"
"1414748205","1","1","1","2","14039","3","14"
"1414831401","2","1","1","3","14120","4","14"
"1414831402","1","1","1","1","14120","4","14"
"1414843001","1","1","1","1","14120","4","14"
"1414843002","1","1","1","4","14120","4","14"
"1414843003","5","1","1","4","14120","4","14"
"1414843004","1","1","1","4","14120","4","14"
"1414843005","1","1","1","4","14120","4","14"
"1414851501","1","1","1","5","14120","3","14"
"1414851502","1","1","1","2","14120","3","14"
"1414851503","1","1","1","5","14120","3","14"
"1414851504","1","1","1","4","14120","3","14"
"1414851505","1","1","1","1","14120","3","14"
"1414851506","1","1","1","1","14120","3","14"
"1460017019","1","1","1","2","14006","2","14"
"1460017020","1","1","1","4","14006","2","14"
"1460017021","1","1","1","4","14006","2","14"
"1460017022","1","1","1","4","14006","2","14"
"1460017023","1","2","1","2","14006","2","14"
"1460017024","1","1","1","4","14006","2","14"
"1460017413","1","2","1","4","14006","2","14"
"1460017415","1","2","1","2","14006","2","14"
"1460017416","1","2","1","4","14006","2","14"
"1460017418","1","2","1","4","14006","2","14"
"1460017807","1","1","1","4","14006","2","14"
"1460017808","1","1","1","4","14006","2","14"
"1460017811","1","1","1","4","14006","2","14"
"1460017812","1","2","1","1","14006","2","14"
"1460017901","1","1","1","2","14006","2","14"
"1460017902","1","1","1","2","14006","2","14"
"1460017903","1","1","1","4","14006","2","14"
"1460017904","1","1","1","4","14006","2","14"
"1460017905","1","1","1","4","14006","2","14"
"1460017906","1","1","1","4","14006","2","14"
"1460028213","1","2","1","1","14011","2","14"
"1460028215","1","1","1","1","14011","2","14"
"1460028216","1","1","1","3","14011","2","14"
"1460028217","1","1","1","4","14011","2","14"
"1460028218","1","1","1","2","14011","2","14"
"1460028520","1","1","1","2","14011","2","14"
"1460028521","1","1","1","4","14011","2","14"
"1460028523","1","1","1","2","14011","2","14"
"1460028524","1","","1","2","14011","2","14"
"1460028601","1","1","1","4","14011","2","14"
"1460028602","1","4","1","2","14011","2","14"
"1460028603","1","1","1","4","14011","2","14"
"1460028604","1","2","1","2","14011","2","14"
"1460028605","1","1","1","1","14011","2","14"
"1460028606","1","1","1","1","14011","2","14"
"1460028707","1","1","1","2","14011","2","14"
"1460028708","1","1","1","1","14011","2","14"
"1460028709","1","1","1","4","14011","2","14"
"1460028710","1","1","1","2","14011","2","14"
"1460028712","1","1","1","4","14011","2","14"
"1460029301","1","1","1","4","14011","2","14"
"1460029302","1","1","1","5","14011","2","14"
"1460029303","1","2","1","4","14011","2","14"
"1460029304","1","1","1","2","14011","2","14"
"1460029305","1","1","1","4","14011","2","14"
"1460029306","1","1","1","4","14011","2","14"
"1460029419","1","1","1","4","14011","2","14"
"1460029420","1","1","1","4","14011","2","14"
"1460029421","1","1","1","5","14011","2","14"
"1460029422","1","1","1","2","14011","2","14"
"1460029423","1","1","1","4","14011","2","14"
"1460029813","1","1","1","4","14011","2","14"
"1460029814","1","1","1","2","14011","2","14"
"1460029815","1","1","1","4","14011","2","14"
"1460029816","1","1","1","2","14011","2","14"
"1460029817","1","1","1","4","14011","2","14"
"1460029818","1","1","1","4","14011","2","14"
"1460029907","1","1","1","4","14011","2","14"
"1460029908","1","1","1","2","14011","2","14"
"1460029909","1","1","1","2","14011","2","14"
"1460029910","1","1","1","2","14011","2","14"
"1460029911","1","1","1","4","14011","2","14"
"1460029912","1","1","1","4","14011","2","14"
"1460035001","1","1","1","2","14013","2","14"
"1460035002","1","1","1","2","14013","2","14"
"1460035003","1","1","1","4","14013","2","14"
"1460035004","1","1","1","4","14013","2","14"
"1460035005","1","1","1","4","14013","2","14"
"1460035006","1","1","1","1","14013","2","14"
"1460035219","1","1","1","6","14013","2","14"
"1460035220","1","5","1","4","14013","2","14"
"1460035221","1","1","1","5","14013","2","14"
"1460035222","1","","1","5","14013","2","14"
"1460035223","1","","1","4","14013","2","14"
"1460035224","1","2","1","2","14013","2","14"
"1460035607","1","1","1","4","14013","2","14"
"1460035608","1","1","1","4","14013","2","14"
"1460035609","1","1","1","1","14013","2","14"
"1460035611","1","1","1","2","14013","2","14"
"1460035612","1","1","1","4","14013","2","14"
"1460035713","1","1","1","4","14013","2","14"
"1460035714","1","1","1","4","14013","2","14"
"1460035715","1","1","1","4","14013","2","14"
"1460035716","1","","1","2","14013","2","14"
"1460035717","1","","1","4","14013","2","14"
"1460035718","1","1","1","2","14013","2","14"
"1460170307","1","5","1","4","14063","2","14"
"1460170308","1","3","1","4","14063","2","14"
"1460170309","1","3","1","4","14063","2","14"
"1460170310","1","","1","2","14063","2","14"
"1460170311","1","4","1","4","14063","2","14"
"1460170312","1","2","1","4","14063","2","14"
"1460170501","1","","1","4","14063","2","14"
"1460170502","1","2","1","4","14063","2","14"
"1460170503","1","2","1","4","14063","2","14"
"1460170504","1","","1","4","14063","2","14"
"1460170505","1","2","1","4","14063","2","14"
"1460170819","1","2","1","4","14063","2","14"
"1460170820","1","","1","2","14063","2","14"
"1460170821","1","","1","4","14063","2","14"
"1460170822","1","","1","4","14063","2","14"
"1460170824","1","","1","4","14063","2","14"
"1460170914","1","","1","2","14063","2","14"
"1460170915","1","1","1","4","14063","2","14"
"1460170916","1","2","1","4","14063","2","14"
"1460170917","1","","1","4","14063","2","14"
"1460170918","1","3","1","4","14063","2","14"
"1460185007","1","1","1","4","14066","2","14"
"1460185008","1","1","1","4","14066","2","14"
"1460185009","1","1","1","4","14066","2","14"
"1460185010","1","1","1","4","14066","2","14"
"1460185011","1","1","1","4","14066","2","14"
"1460185012","1","1","1","4","14066","2","14"
"1460185401","1","1","1","2","14066","2","14"
"1460185402","1","1","1","4","14066","2","14"
"1460185403","1","1","1","4","14066","2","14"
"1460185404","1","1","1","4","14066","2","14"
"1460185405","1","1","1","4","14066","2","14"
"1460185406","1","1","1","4","14066","2","14"
"1460185613","1","1","1","4","14066","2","14"
"1460185614","1","1","1","2","14066","2","14"
"1460185615","1","1","1","4","14066","2","14"
"1460185616","1","1","1","4","14066","2","14"
"1460185617","1","1","1","4","14066","2","14"
"1460185618","1","1","1","4","14066","2","14"
"1460185719","1","1","1","4","14066","2","14"
"1460185720","1","1","1","4","14066","2","14"
"1460185721","1","3","1","4","14066","2","14"
"1460185723","1","1","1","2","14066","2","14"
"1460185724","1","2","4","2","14066","2","14"
"1460190201","1","1","1","1","14066","2","14"
"1460190202","1","1","1","3","14066","2","14"
"1460190203","1","1","1","1","14066","2","14"
"1460190204","1","1","1","2","14066","2","14"
"1460190205","1","1","1","3","14066","2","14"
"1460190206","1","1","1","4","14066","2","14"
"1460190313","1","1","1","3","14066","2","14"
"1460190314","1","1","1","3","14066","2","14"
"1460190315","1","1","1","3","14066","2","14"
"1460190316","1","1","1","1","14066","2","14"
"1460190317","1","1","1","1","14066","2","14"
"1460190318","1","1","1","2","14066","2","14"
"1460190507","1","1","1","3","14066","2","14"
"1460190508","1","1","1","3","14066","2","14"
"1460190509","1","1","1","4","14066","2","14"
"1460190510","1","1","1","3","14066","2","14"
"1460190511","1","1","1","2","14066","2","14"
"1460190919","1","1","1","1","14066","2","14"
"1460190920","1","1","1","1","14066","2","14"
"1460190921","1","1","1","1","14066","2","14"
"1460190922","1","1","1","4","14066","2","14"
"1460190923","1","1","1","1","14066","2","14"
"1460190924","1","1","1","2","14066","2","14"
"1460198013","1","1","1","4","14069","2","14"
"1460198014","1","1","1","4","14069","2","14"
"1460198016","1","2","1","4","14069","2","14"
"1460198017","1","1","1","4","14069","2","14"
"1460198407","1","2","1","4","14069","2","14"
"1460198408","1","","1","4","14069","2","14"
"1460198409","1","2","1","4","14069","2","14"
"1460198410","1","1","1","5","14069","2","14"
"1460198411","1","2","1","4","14069","2","14"
"1460198412","1","2","1","2","14069","2","14"
"1460198619","1","2","1","1","14069","2","14"
"1460198621","1","2","1","3","14069","2","14"
"1460198622","1","2","1","4","14069","2","14"
"1460198623","1","2","1","2","14069","2","14"
"1460198801","1","1","1","4","14069","2","14"
"1460198803","1","2","1","2","14069","2","14"
"1460198805","1","1","1","4","14069","2","14"
"1460198806","1","1","1","2","14069","2","14"
"1460210207","1","1","1","4","14077","2","14"
"1460210208","1","1","1","5","14077","2","14"
"1460210209","1","1","1","5","14077","2","14"
"1460210212","1","1","1","5","14077","2","14"
"1460210319","1","1","1","4","14077","2","14"
"1460210320","1","1","1","4","14077","2","14"
"1460210321","1","1","1","1","14077","2","14"
"1460210322","1","1","1","1","14077","2","14"
"1460210323","1","1","1","4","14077","2","14"
"1460210324","1","1","1","4","14077","2","14"
"1460210513","1","1","1","2","14077","2","14"
"1460210515","1","1","1","2","14077","2","14"
"1460210516","1","1","1","2","14077","2","14"
"1460210517","1","1","1","4","14077","2","14"
"1460210702","1","1","1","4","14077","2","14"
"1460210703","3","1","1","2","14077","2","14"
"1460210705","1","1","1","4","14077","2","14"
"1460210706","1","1","1","2","14077","2","14"
"1460237020","1","1","1","1","14085","2","14"
"1460237021","1","2","1","1","14085","2","14"
"1460237022","1","1","1","5","14085","2","14"
"1460237024","1","1","1","2","14085","2","14"
"1460237413","1","1","1","4","14085","2","14"
"1460237414","1","1","1","2","14085","2","14"
"1460237415","1","2","1","4","14085","2","14"
"1460237416","1","1","1","4","14085","2","14"
"1460237417","1","1","1","4","14085","2","14"
"1460237418","1","1","1","4","14085","2","14"
"1460237807","1","1","1","1","14085","2","14"
"1460237810","1","2","1","4","14085","2","14"
"1460237811","1","3","1","1","14085","2","14"
"1460237812","1","3","1","2","14085","2","14"
"1460237902","1","1","1","4","14085","2","14"
"1460237903","1","1","1","4","14085","2","14"
"1460237904","1","1","1","4","14085","2","14"
"1460237905","1","1","1","5","14085","2","14"
"1460237906","1","1","1","4","14085","2","14"
"1460303213","1","","1","4","14100","1","14"
"1460303214","1","","1","4","14100","1","14"
"1460303215","1","1","1","2","14100","1","14"
"1460303216","1","1","1","1","14100","1","14"
"1460303218","1","","1","4","14100","1","14"
"1460303519","1","1","1","4","14100","1","14"
"1460303520","1","1","1","4","14100","1","14"
"1460303524","1","1","1","4","14100","1","14"
"1460303601","1","1","1","4","14100","1","14"
"1460303602","1","1","1","2","14100","1","14"
"1460303603","1","1","1","4","14100","1","14"
"1460303604","1","1","1","1","14100","1","14"
"1460303605","1","1","1","4","14100","1","14"
"1460303606","1","1","1","4","14100","1","14"
"1460303707","1","1","1","4","14100","1","14"
"1460303708","1","1","1","1","14100","1","14"
"1460303709","1","1","1","4","14100","1","14"
"1460303710","1","1","1","4","14100","1","14"
"1460355214","1","1","1","2","14120","2","14"
"1460355215","1","1","1","3","14120","2","14"
"1460355216","1","1","1","1","14120","2","14"
"1460355218","1","1","1","3","14120","2","14"
"1460355519","1","1","1","3","14120","2","14"
"1460355520","1","1","1","3","14120","2","14"
"1460355524","1","1","1","3","14120","2","14"
"1460355601","1","1","1","3","14120","2","14"
"1460355602","1","1","1","3","14120","2","14"
"1460355603","1","1","1","3","14120","2","14"
"1460355605","1","1","1","3","14120","2","14"
"1460355707","1","1","1","3","14120","2","14"
"1460355708","1","1","1","3","14120","2","14"
"1460355710","1","1","1","3","14120","2","14"
"1460355712","1","1","1","1","14120","2","14"
"1460389301","1","1","1","4","14006","2","14"
"1460389302","1","1","1","2","14006","2","14"
"1460389303","1","1","1","4","14006","2","14"
"1460389304","1","1","1","4","14006","2","14"
"1460389305","1","1","1","4","14006","2","14"
"1460389306","1","1","1","4","14006","2","14"
"1460389419","1","1","1","4","14006","2","14"
"1460389420","1","1","1","4","14006","2","14"
"1460389421","1","1","1","2","14006","2","14"
"1460389422","1","1","1","4","14006","2","14"
"1460389423","1","1","1","4","14006","2","14"
"1460389424","1","1","1","4","14006","2","14"
"1460389813","1","1","1","2","14006","2","14"
"1460389814","1","1","1","4","14006","2","14"
"1460389816","1","1","1","4","14006","2","14"
"1460389817","1","1","1","4","14006","2","14"
"1460389907","1","1","1","4","14006","2","14"
"1460389910","1","1","1","4","14006","2","14"
"1460389911","1","1","1","4","14006","2","14"
"1460389912","1","1","1","4","14006","2","14"
"1460448001","1","1","1","4","14012","2","14"
"1460448002","1","1","1","4","14012","2","14"
"1460448003","1","1","1","4","14012","2","14"
"1460448004","1","1","1","4","14012","2","14"
"1460448216","1","1","1","2","14012","2","14"
"1460448217","1","1","1","2","14012","2","14"
"1460448218","1","1","1","2","14012","2","14"
"1460448219","1","1","1","4","14012","2","14"
"1460448220","1","1","1","4","14012","2","14"
"1460448221","1","1","1","4","14012","2","14"
"1460448222","1","1","1","4","14012","2","14"
"1460448223","1","1","1","4","14012","2","14"
"1460448224","1","1","1","4","14012","2","14"
"1460448225","1","1","1","4","14012","2","14"
"1460448607","1","1","1","4","14012","2","14"
"1460448608","1","1","1","5","14012","2","14"
"1460448609","1","1","1","4","14012","2","14"
"1460448610","1","1","1","4","14012","2","14"
"1460448711","1","1","1","4","14012","2","14"
"1460448712","1","1","1","4","14012","2","14"
"1460448713","1","1","1","4","14012","2","14"
"1460448714","1","1","1","4","14012","2","14"
"1460458301","1","3","1","1","14013","1","14"
"1460458303","1","3","1","4","14013","1","14"
"1460458304","1","3","1","4","14013","1","14"
"1460458305","1","3","1","4","14013","1","14"
"1460458321","1","1","1","2","14013","1","14"
"1460458322","1","1","1","4","14013","1","14"
"1460458323","1","1","1","4","14013","1","14"
"1460458324","1","1","1","4","14013","1","14"
"1460458416","1","1","1","4","14013","1","14"
"1460458417","1","1","1","2","14013","1","14"
"1460458418","1","1","1","4","14013","1","14"
"1460458419","1","1","1","4","14013","1","14"
"1460458420","1","1","1","2","14013","1","14"
"1460458811","1","1","1","4","14013","1","14"
"1460458812","1","1","1","4","14013","1","14"
"1460458813","1","1","1","4","14013","1","14"
"1460458814","1","1","1","4","14013","1","14"
"1460458815","1","1","1","4","14013","1","14"
"1460458907","1","3","1","2","14013","1","14"
"1460458908","1","3","1","4","14013","1","14"
"1460458909","1","3","1","2","14013","1","14"
"1460458910","1","3","1","2","14013","1","14"
"1460467306","1","1","1","4","14013","2","14"
"1460467307","1","1","1","2","14013","2","14"
"1460467308","1","1","1","4","14013","2","14"
"1460467309","1","1","1","6","14013","2","14"
"1460467310","1","1","1","4","14013","2","14"
"1460467320","1","1","1","4","14013","2","14"
"1460467321","1","1","1","4","14013","2","14"
"1460467322","1","1","1","4","14013","2","14"
"1460467323","1","1","1","4","14013","2","14"
"1460467501","1","1","1","4","14013","2","14"
"1460467502","1","1","1","4","14013","2","14"
"1460467503","1","1","1","4","14013","2","14"
"1460467504","1","1","1","4","14013","2","14"
"1460467505","1","1","1","4","14013","2","14"
"1460467815","1","1","1","4","14013","2","14"
"1460467817","1","1","1","4","14013","2","14"
"1460467818","1","1","1","4","14013","2","14"
"1460467819","1","1","1","4","14013","2","14"
"1460467911","1","1","1","4","14013","2","14"
"1460467913","1","1","1","4","14013","2","14"
"1460467914","1","1","1","5","14013","2","14"
"1460510001","1","1","1","5","14017","1","14"
"1460510003","1","1","1","6","14017","1","14"
"1460510004","1","1","1","2","14017","1","14"
"1460510005","1","1","1","4","14017","1","14"
"1460510006","1","1","1","2","14017","1","14"
"1460510216","1","","1","4","14017","1","14"
"1460510217","1","1","1","4","14017","1","14"
"1460510218","1","","1","4","14017","1","14"
"1460510219","1","","1","4","14017","1","14"
"1460510220","1","","1","4","14017","1","14"
"1460510607","1","1","1","5","14017","1","14"
"1460510608","1","1","1","5","14017","1","14"
"1460510610","1","1","1","4","14017","1","14"
"1460510611","1","1","1","2","14017","1","14"
"1460510712","1","","1","4","14017","1","14"
"1460510713","1","","1","4","14017","1","14"
"1460510714","1","","1","4","14017","1","14"
"1460510715","1","","1","4","14017","1","14"
"1460550008","1","1","1","1","14022","2","14"
"1460550009","1","1","1","5","14022","2","14"
"1460550010","1","1","1","4","14022","2","14"
"1460550011","1","1","1","2","14022","2","14"
"1460550401","1","1","1","4","14022","2","14"
"1460550402","1","1","1","5","14022","2","14"
"1460550403","1","1","1","4","14022","2","14"
"1460550404","1","1","1","4","14022","2","14"
"1460550406","1","1","1","4","14022","2","14"
"1460550613","1","1","1","4","14022","2","14"
"1460550614","1","1","1","4","14022","2","14"
"1460550615","1","1","1","5","14022","2","14"
"1460550616","1","1","1","2","14022","2","14"
"1460550617","1","1","1","4","14022","2","14"
"1460550618","1","1","1","2","14022","2","14"
"1460550719","1","1","1","4","14022","2","14"
"1460550720","1","1","1","4","14022","2","14"
"1460550721","1","1","1","2","14022","2","14"
"1460550722","1","1","1","4","14022","2","14"
"1460550723","1","1","1","4","14022","2","14"
"1460550724","1","","1","4","14022","2","14"
"1460587306","1","4","1","4","14027","1","14"
"1460587307","1","2","1","4","14027","1","14"
"1460587308","1","4","1","4","14027","1","14"
"1460587309","1","4","1","4","14027","1","14"
"1460587310","1","4","1","4","14027","1","14"
"1460587321","1","3","1","4","14027","1","14"
"1460587322","1","","1","4","14027","1","14"
"1460587323","1","3","1","4","14027","1","14"
"1460587325","1","2","1","4","14027","1","14"
"1460587326","1","4","1","4","14027","1","14"
"1460587501","1","","1","4","14027","1","14"
"1460587503","1","5","1","2","14027","1","14"
"1460587505","1","","1","4","14027","1","14"
"1460587816","1","4","1","2","14027","1","14"
"1460587817","1","4","1","2","14027","1","14"
"1460587818","1","3","1","2","14027","1","14"
"1460587819","1","3","1","4","14027","1","14"
"1460587820","1","3","1","4","14027","1","14"
"1460587911","1","1","1","4","14027","1","14"
"1460587912","1","1","1","4","14027","1","14"
"1460587913","1","1","1","4","14027","1","14"
"1460587914","1","1","1","4","14027","1","14"
"1460587915","1","1","1","4","14027","1","14"
"1460641201","1","1","1","2","14035","2","14"
"1460641202","1","1","1","2","14035","2","14"
"1460641203","5","1","1","2","14035","2","14"
"1460641204","1","1","1","4","14035","2","14"
"1460641205","1","1","1","4","14035","2","14"
"1460641222","1","5","1","2","14035","2","14"
"1460641224","1","1","1","4","14035","2","14"
"1460641225","1","1","1","4","14035","2","14"
"1460641226","1","1","1","4","14035","2","14"
"1460641311","1","","1","4","14035","2","14"
"1460641313","1","","1","4","14035","2","14"
"1460641315","1","","1","4","14035","2","14"
"1460641506","1","1","1","4","14035","2","14"
"1460641507","1","1","1","4","14035","2","14"
"1460641509","1","1","1","4","14035","2","14"
"1460641510","1","1","1","2","14035","2","14"
"1460641916","1","4","1","4","14035","2","14"
"1460641917","1","","1","4","14035","2","14"
"1460641918","1","","1","4","14035","2","14"
"1460641919","1","","1","4","14035","2","14"
"1460641920","1","","1","4","14035","2","14"
"1460709006","1","","1","4","14045","1","14"
"1460709007","1","1","1","2","14045","1","14"
"1460709008","1","","1","4","14045","1","14"
"1460709009","1","","1","4","14045","1","14"
"1460709010","1","1","1","4","14045","1","14"
"1460709401","1","3","1","2","14045","1","14"
"1460709402","1","1","1","2","14045","1","14"
"1460709403","1","2","1","4","14045","1","14"
"1460709404","1","4","1","4","14045","1","14"
"1460709405","1","2","1","4","14045","1","14"
"1460709421","1","1","1","2","14045","1","14"
"1460709422","1","1","1","4","14045","1","14"
"1460709423","1","","1","4","14045","1","14"
"1460709425","1","","1","4","14045","1","14"
"1460709611","1","1","1","2","14045","1","14"
"1460709612","1","","1","4","14045","1","14"
"1460709613","1","","1","4","14045","1","14"
"1460709614","1","","1","4","14045","1","14"
"1460709615","1","1","1","4","14045","1","14"
"1460709717","1","1","1","4","14045","1","14"
"1460709718","1","1","1","2","14045","1","14"
"1460709719","1","3","1","4","14045","1","14"
"1460709720","1","4","1","4","14045","1","14"
"1460715011","1","1","1","2","14045","2","14"
"1460715012","5","2","1","4","14045","2","14"
"1460715013","1","1","1","4","14045","2","14"
"1460715014","1","1","1","4","14045","2","14"
"1460715015","1","1","1","4","14045","2","14"
"1460715406","1","1","1","4","14045","2","14"
"1460715407","1","1","1","4","14045","2","14"
"1460715409","1","1","1","4","14045","2","14"
"1460715410","1","1","1","4","14045","2","14"
"1460715616","1","1","1","4","14045","2","14"
"1460715618","1","1","1","4","14045","2","14"
"1460715619","1","1","1","4","14045","2","14"
"1460715620","1","1","1","2","14045","2","14"
"1460715801","1","1","1","4","14045","2","14"
"1460715802","1","1","1","2","14045","2","14"
"1460715803","1","1","1","4","14045","2","14"
"1460864206","1","1","1","4","14062","2","14"
"1460864207","1","1","1","4","14062","2","14"
"1460864209","1","1","1","4","14062","2","14"
"1460864210","1","1","1","4","14062","2","14"
"1460864221","1","1","1","2","14062","2","14"
"1460864223","1","1","1","4","14062","2","14"
"1460864224","1","1","1","4","14062","2","14"
"1460864225","1","1","1","2","14062","2","14"
"1460864316","1","1","1","4","14062","2","14"
"1460864317","1","1","1","5","14062","2","14"
"1460864318","1","1","1","2","14062","2","14"
"1460864319","1","1","1","4","14062","2","14"
"1460864320","1","1","1","5","14062","2","14"
"1460864511","1","1","1","5","14062","2","14"
"1460864512","1","1","1","4","14062","2","14"
"1460864513","1","1","1","4","14062","2","14"
"1460864514","1","1","1","4","14062","2","14"
"1460864515","1","1","1","2","14062","2","14"
"1460864701","1","1","1","4","14062","2","14"
"1460864702","1","1","1","4","14062","2","14"
"1460864703","1","1","1","4","14062","2","14"
"1460864704","1","1","1","4","14062","2","14"
"1460864705","1","1","1","5","14062","2","14"
"1460998016","1","1","1","3","14083","2","14"
"1460998017","1","1","1","3","14083","2","14"
"1460998018","1","1","1","1","14083","2","14"
"1460998021","1","1","1","3","14083","2","14"
"1460998410","1","1","1","3","14083","2","14"
"1460998412","1","1","1","3","14083","2","14"
"1460998414","1","1","1","3","14083","2","14"
"1460998422","2","1","1","3","14083","2","14"
"1460998423","2","1","1","1","14083","2","14"
"1460998424","2","1","1","1","14083","2","14"
"1460998425","2","1","1","3","14083","2","14"
"1460998426","2","1","1","2","14083","2","14"
"1460998427","2","1","1","3","14083","2","14"
"1460998806","1","1","1","1","14083","2","14"
"1460998807","1","1","1","3","14083","2","14"
"1460998808","1","1","1","1","14083","2","14"
"1460998809","1","1","1","3","14083","2","14"
"1460998901","1","1","1","4","14083","2","14"
"1460998902","1","2","1","4","14083","2","14"
"1460998904","1","2","1","2","14083","2","14"
"1460998905","1","1","1","4","14083","2","14"
"1461006202","1","","1","4","14084","1","14"
"1461006203","1","1","3","4","14084","1","14"
"1461006204","1","1","3","2","14084","1","14"
"1461006220","1","1","1","4","14084","1","14"
"1461006221","1","1","1","4","14084","1","14"
"1461006223","1","1","1","4","14084","1","14"
"1461006310","1","1","1","6","14084","1","14"
"1461006311","1","1","1","4","14084","1","14"
"1461006313","1","","1","4","14084","1","14"
"1461006314","1","","1","4","14084","1","14"
"1461006505","1","2","1","4","14084","1","14"
"1461006506","1","1","1","4","14084","1","14"
"1461006507","1","1","2","4","14084","1","14"
"1461006508","1","1","1","4","14084","1","14"
"1461006509","1","1","1","4","14084","1","14"
"1461006915","1","1","1","4","14084","1","14"
"1461006917","1","1","1","4","14084","1","14"
"1461006918","1","1","1","4","14084","1","14"
"1461006919","1","1","1","4","14084","1","14"
"1461256011","1","5","1","4","14113","1","14"
"1461256012","1","1","1","4","14113","1","14"
"1461256013","1","1","1","2","14113","1","14"
"1461256014","1","1","1","4","14113","1","14"
"1461256015","1","1","1","4","14113","1","14"
"1461256406","1","2","1","4","14113","1","14"
"1461256407","1","2","1","4","14113","1","14"
"1461256408","1","2","1","4","14113","1","14"
"1461256409","1","2","1","4","14113","1","14"
"1461256410","1","2","1","4","14113","1","14"
"1461256422","1","1","1","4","14113","1","14"
"1461256424","1","1","1","4","14113","1","14"
"1461256425","1","1","1","4","14113","1","14"
"1461256426","1","1","1","2","14113","1","14"
"1461256427","1","1","1","4","14113","1","14"
"1461256616","1","2","1","2","14113","1","14"
"1461256617","1","2","1","4","14113","1","14"
"1461256618","1","2","1","4","14113","1","14"
"1461256619","1","","1","2","14113","1","14"
"1461256620","1","1","1","4","14113","1","14"
"1461256801","1","2","1","4","14113","1","14"
"1461256802","1","2","1","2","14113","1","14"
"1461256803","1","3","1","4","14113","1","14"
"1461256804","1","3","1","4","14113","1","14"
"1461256805","1","2","1","4","14113","1","14"
"1461287211","1","1","1","2","14119","2","14"
"1461287212","1","1","1","4","14119","2","14"
"1461287213","1","1","1","4","14119","2","14"
"1461287214","1","1","1","2","14119","2","14"
"1461287215","1","1","1","4","14119","2","14"
"1461287516","1","1","1","4","14119","2","14"
"1461287517","1","1","1","4","14119","2","14"
"1461287518","1","1","1","4","14119","2","14"
"1461287519","1","1","1","4","14119","2","14"
"1461287520","1","1","1","4","14119","2","14"
"1461287601","5","2","1","4","14119","2","14"
"1461287602","1","1","1","4","14119","2","14"
"1461287603","1","1","1","4","14119","2","14"
"1461287706","1","1","1","4","14119","2","14"
"1461287707","1","1","1","4","14119","2","14"
"1461287708","1","1","1","4","14119","2","14"
"1461287709","1","2","1","4","14119","2","14"
"1461287710","1","1","1","4","14119","2","14"
"1461298206","1","","1","4","14120","1","14"
"1461298208","1","","1","4","14120","1","14"
"1461298209","1","1","1","4","14120","1","14"
"1461298221","1","1","1","4","14120","1","14"
"1461298222","1","1","1","4","14120","1","14"
"1461298223","1","1","1","4","14120","1","14"
"1461298224","1","1","1","2","14120","1","14"
"1461298225","1","1","1","4","14120","1","14"
"1461298316","1","1","1","2","14120","1","14"
"1461298318","1","1","1","2","14120","1","14"
"1461298319","1","1","1","2","14120","1","14"
"1461298320","1","1","1","2","14120","1","14"
"1461298511","1","","1","2","14120","1","14"
"1461298512","1","1","1","2","14120","1","14"
"1461298513","1","1","1","4","14120","1","14"
"1461298514","1","","1","1","14120","1","14"
"1461298515","1","1","1","4","14120","1","14"
"1461298704","1","","4","1","14120","1","14"
"1461298705","1","2","1","4","14120","1","14"
"1461306301","1","1","1","4","14121","2","14"
"1461306302","1","1","1","4","14121","2","14"
"1461306304","1","1","1","4","14121","2","14"
"1461306305","1","1","1","4","14121","2","14"
"1461306321","1","1","1","4","14121","2","14"
"1461306322","1","1","1","4","14121","2","14"
"1461306323","1","1","1","1","14121","2","14"
"1461306324","1","1","1","4","14121","2","14"
"1461306325","1","1","1","2","14121","2","14"
"1461306416","1","2","1","4","14121","2","14"
"1461306418","5","1","1","4","14121","2","14"
"1461306419","1","1","1","2","14121","2","14"
"1461306420","1","1","1","4","14121","2","14"
"1461306811","1","1","1","4","14121","2","14"
"1461306812","1","1","1","4","14121","2","14"
"1461306813","1","1","1","4","14121","2","14"
"1461306814","1","1","1","5","14121","2","14"
"1461306815","1","1","1","5","14121","2","14"
"1461306906","1","1","1","4","14121","2","14"
"1461306907","1","1","1","2","14121","2","14"
"1461306908","1","1","1","1","14121","2","14"
"1461306909","1","1","1","2","14121","2","14"
"1461306910","1","1","1","4","14121","2","14"
